03:02:41 - !! reformating disabled due to no astyle or config !!
03:02:42 - !! Modified jar detected. Unpredictable results !!
03:03:39 - 'patch -p1 -u -i ../../temp/temp.patch -d src/minecraft_server' failed : 1
03:03:39 - 
03:03:39 - == ERRORS FOUND ==
03:03:39 - 
03:03:39 - ==================
03:03:39 - 
03:03:39 - 'patch -p1 -u -i ../../temp/temp.patch -d src/minecraft_server' failed : 1
03:03:39 - 
03:03:39 - == ERRORS FOUND ==
03:03:39 - 
03:03:39 - ==================
03:03:39 - 
03:03:39 - 'patch -p1 -u -i ../../temp/temp.patch -d src/minecraft_server' failed : 1
03:03:39 - 
03:03:39 - == ERRORS FOUND ==
03:03:39 - 
03:03:39 - ==================
03:03:39 - 
03:03:39 - 'patch -p1 -u -i ../../temp/temp.patch -d src/minecraft_server' failed : 1
03:03:39 - 
03:03:39 - == ERRORS FOUND ==
03:03:39 - 
03:03:39 - ==================
03:03:39 - 
03:03:39 - 'patch -p1 -u -i ../../temp/temp.patch -d src/minecraft_server' failed : 1
03:03:39 - 
03:03:39 - == ERRORS FOUND ==
03:03:39 - 
03:03:39 - ==================
03:03:39 - 
03:03:39 - 'patch -p1 -u -i ../../temp/temp.patch -d src/minecraft_server' failed : 1
03:03:39 - 
03:03:39 - == ERRORS FOUND ==
03:03:39 - 
03:03:39 - ==================
03:03:39 - 
03:03:39 - 'patch -p1 -u -i ../../temp/temp.patch -d src/minecraft_server' failed : 1
03:03:39 - 
03:03:39 - == ERRORS FOUND ==
03:03:39 - 
03:03:39 - ==================
03:03:39 - 
03:03:39 - 'patch -p1 -u -i ../../temp/temp.patch -d src/minecraft_server' failed : 1
03:03:39 - 
03:03:39 - == ERRORS FOUND ==
03:03:39 - 
03:03:39 - ==================
03:03:39 - 
03:03:39 - 'patch -p1 -u -i ../../temp/temp.patch -d src/minecraft_server' failed : 1
03:03:39 - 
03:03:39 - == ERRORS FOUND ==
03:03:39 - 
03:03:39 - ==================
03:03:39 - 
03:03:39 - 'patch -p1 -u -i ../../temp/temp.patch -d src/minecraft_server' failed : 1
03:03:39 - 
03:03:39 - == ERRORS FOUND ==
03:03:39 - 
03:03:39 - ==================
03:03:39 - 
03:03:39 - 'patch -p1 -u -i ../../temp/temp.patch -d src/minecraft_server' failed : 1
03:03:39 - 
03:03:39 - == ERRORS FOUND ==
03:03:39 - 
03:03:39 - ==================
03:03:39 - 
03:03:39 - 'patch -p1 -u -i ../../temp/temp.patch -d src/minecraft_server' failed : 1
03:03:39 - 
03:03:39 - == ERRORS FOUND ==
03:03:39 - 
03:03:39 - ==================
03:03:39 - 
03:03:39 - 'patch -p1 -u -i ../../temp/temp.patch -d src/minecraft_server' failed : 1
03:03:39 - 
03:03:39 - == ERRORS FOUND ==
03:03:39 - 
03:03:39 - ==================
03:03:39 - 
03:03:39 - 'patch -p1 -u -i ../../temp/temp.patch -d src/minecraft_server' failed : 1
03:03:39 - 
03:03:39 - == ERRORS FOUND ==
03:03:39 - 
03:03:39 - ==================
03:03:39 - 
03:03:39 - 'patch -p1 -u -i ../../temp/temp.patch -d src/minecraft_server' failed : 1
03:03:39 - 
03:03:39 - == ERRORS FOUND ==
03:03:39 - 
03:03:39 - ==================
03:03:39 - 
03:03:39 - 'patch -p1 -u -i ../../temp/temp.patch -d src/minecraft_server' failed : 1
03:03:39 - 
03:03:39 - == ERRORS FOUND ==
03:03:39 - 
03:03:39 - ==================
03:03:39 - 
03:03:39 - 'patch -p1 -u -i ../../temp/temp.patch -d src/minecraft_server' failed : 1
03:03:39 - 
03:03:39 - == ERRORS FOUND ==
03:03:39 - 
03:03:39 - ==================
03:03:39 - 
03:03:39 - 'patch -p1 -u -i ../../temp/temp.patch -d src/minecraft_server' failed : 1
03:03:39 - 
03:03:39 - == ERRORS FOUND ==
03:03:39 - 
03:03:39 - ==================
03:03:39 - 
03:03:39 - 'patch -p1 -u -i ../../temp/temp.patch -d src/minecraft_server' failed : 1
03:03:39 - 
03:03:39 - == ERRORS FOUND ==
03:03:39 - 
03:03:39 - ==================
03:03:39 - 
03:03:39 - 'patch -p1 -u -i ../../temp/temp.patch -d src/minecraft_server' failed : 1
03:03:39 - 
03:03:39 - == ERRORS FOUND ==
03:03:39 - 
03:03:39 - ==================
03:03:39 - 
03:03:39 - 'patch -p1 -u -i ../../temp/temp.patch -d src/minecraft_server' failed : 1
03:03:39 - 
03:03:39 - == ERRORS FOUND ==
03:03:39 - 
03:03:39 - ==================
03:03:39 - 
03:03:39 - 'patch -p1 -u -i ../../temp/temp.patch -d src/minecraft_server' failed : 1
03:03:39 - 
03:03:39 - == ERRORS FOUND ==
03:03:39 - 
03:03:39 - ==================
03:03:39 - 
03:03:39 - 'patch -p1 -u -i ../../temp/temp.patch -d src/minecraft_server' failed : 1
03:03:39 - 
03:03:39 - == ERRORS FOUND ==
03:03:39 - 
03:03:39 - ==================
03:03:39 - 
03:03:39 - 'patch -p1 -u -i ../../temp/temp.patch -d src/minecraft_server' failed : 1
03:03:39 - 
03:03:39 - == ERRORS FOUND ==
03:03:39 - 
03:03:39 - ==================
03:03:39 - 
03:03:39 - 'patch -p1 -u -i ../../temp/temp.patch -d src/minecraft_server' failed : 1
03:03:39 - 
03:03:39 - == ERRORS FOUND ==
03:03:39 - 
03:03:39 - ==================
03:03:39 - 
03:03:39 - 'patch -p1 -u -i ../../temp/temp.patch -d src/minecraft_server' failed : 1
03:03:39 - 
03:03:39 - == ERRORS FOUND ==
03:03:39 - 
03:03:39 - ==================
03:03:39 - 
03:03:39 - 'patch -p1 -u -i ../../temp/temp.patch -d src/minecraft_server' failed : 1
03:03:39 - 
03:03:39 - == ERRORS FOUND ==
03:03:39 - 
03:03:39 - ==================
03:03:39 - 
03:03:39 - 'patch -p1 -u -i ../../temp/temp.patch -d src/minecraft_server' failed : 1
03:03:39 - 
03:03:39 - == ERRORS FOUND ==
03:03:39 - 
03:03:39 - ==================
03:03:39 - 
03:03:39 - 'patch -p1 -u -i ../../temp/temp.patch -d src/minecraft_server' failed : 1
03:03:39 - 
03:03:39 - == ERRORS FOUND ==
03:03:39 - 
03:03:39 - ==================
03:03:39 - 
03:03:39 - 'patch -p1 -u -i ../../temp/temp.patch -d src/minecraft_server' failed : 1
03:03:39 - 
03:03:39 - == ERRORS FOUND ==
03:03:39 - 
03:03:39 - ==================
03:03:39 - 
03:03:39 - 'patch -p1 -u -i ../../temp/temp.patch -d src/minecraft_server' failed : 1
03:03:39 - 
03:03:39 - == ERRORS FOUND ==
03:03:39 - 
03:03:39 - ==================
03:03:39 - 
03:03:39 - 'patch -p1 -u -i ../../temp/temp.patch -d src/minecraft_server' failed : 1
03:03:39 - 
03:03:39 - == ERRORS FOUND ==
03:03:39 - 
03:03:39 - ==================
03:03:39 - 
03:03:39 - 'patch -p1 -u -i ../../temp/temp.patch -d src/minecraft_server' failed : 1
03:03:39 - 
03:03:39 - == ERRORS FOUND ==
03:03:39 - 
03:03:39 - ==================
03:03:39 - 
03:03:40 - !! reformating disabled due to no astyle or config !!
03:03:51 - !! Can not find server sources, try decompiling !!
03:10:44 - !! Can not find server sources, try decompiling !!
03:15:57 - '"javac" -Xlint:-options -deprecation -g -source 1.6 -target 1.6 -classpath "jars/versions/1.8.8/1.8.8.jar:lib:lib/*:jars/libraries/net/java/jinput/jinput/2.0.5/jinput-2.0.5.jar:jars/libraries/org/lwjgl/lwjgl/lwjgl-platform/2.9.4-nightly-20150209/lwjgl-platform-2.9.4-nightly-20150209-natives-linux.jar:jars/libraries/com/ibm/icu/icu4j-core-mojang/51.2/icu4j-core-mojang-51.2.jar:jars/libraries/org/apache/httpcomponents/httpcore/4.3.2/httpcore-4.3.2.jar:jars/libraries/org/apache/logging/log4j/log4j-api/2.0-beta9/log4j-api-2.0-beta9.jar:jars/libraries/org/apache/commons/commons-lang3/3.3.2/commons-lang3-3.3.2.jar:jars/libraries/net/java/dev/jna/jna/3.4.0/jna-3.4.0.jar:jars/libraries/com/paulscode/libraryjavasound/20101123/libraryjavasound-20101123.jar:jars/libraries/net/sf/jopt-simple/jopt-simple/4.6/jopt-simple-4.6.jar:jars/libraries/com/google/guava/guava/17.0/guava-17.0.jar:jars/libraries/oshi-project/oshi-core/1.1/oshi-core-1.1.jar:jars/libraries/org/apache/httpcomponents/httpclient/4.3.3/httpclient-4.3.3.jar:jars/libraries/org/apache/commons/commons-compress/1.8.1/commons-compress-1.8.1.jar:jars/libraries/net/java/dev/jna/platform/3.4.0/platform-3.4.0.jar:jars/libraries/com/paulscode/codecjorbis/20101023/codecjorbis-20101023.jar:jars/libraries/com/paulscode/soundsystem/20120107/soundsystem-20120107.jar:jars/libraries/com/paulscode/librarylwjglopenal/20100824/librarylwjglopenal-20100824.jar:jars/libraries/org/lwjgl/lwjgl/lwjgl_util/2.9.4-nightly-20150209/lwjgl_util-2.9.4-nightly-20150209.jar:jars/libraries/commons-codec/commons-codec/1.9/commons-codec-1.9.jar:jars/libraries/net/java/jutils/jutils/1.0.0/jutils-1.0.0.jar:jars/libraries/commons-logging/commons-logging/1.1.3/commons-logging-1.1.3.jar:jars/libraries/org/lwjgl/lwjgl/lwjgl/2.9.4-nightly-20150209/lwjgl-2.9.4-nightly-20150209.jar:jars/libraries/commons-io/commons-io/2.4/commons-io-2.4.jar:jars/libraries/com/mojang/realms/1.7.39/realms-1.7.39.jar:jars/libraries/com/mojang/authlib/1.5.21/authlib-1.5.21.jar:jars/libraries/com/google/code/gson/gson/2.2.4/gson-2.2.4.jar:jars/libraries/com/mojang/netty/1.8.8/netty-1.8.8.jar:jars/libraries/tv/twitch/twitch/6.5/twitch-6.5.jar:jars/libraries/com/paulscode/codecwav/20101023/codecwav-20101023.jar:jars/libraries/net/java/jinput/jinput-platform/2.0.5/jinput-platform-2.0.5-natives-linux.jar:jars/libraries/org/apache/logging/log4j/log4j-core/2.0-beta9/log4j-core-2.0-beta9.jar:jars/libraries/io/netty/netty-all/4.0.23.Final/netty-all-4.0.23.Final.jar" -sourcepath src/minecraft -d bin/minecraft @temp/java_src_client.txt' failed : 1
03:15:57 - 
03:15:57 - == ERRORS FOUND in JAVA CODE ==
03:15:57 - 
03:15:57 - src/minecraft/net/minecraft/world/chunk/storage/RegionFile.java:37: error: cannot find symbol
03:15:57 -          this.dataFile = new CustomRandomAccessFile(fileNameIn, "rw");
03:15:57 -                              ^
03:15:57 - 
03:15:57 -   symbol:   class CustomRandomAccessFile
03:15:57 -   location: class RegionFile
03:15:57 - 1 error
03:15:57 - ==================
03:15:57 - 
03:15:57 - !! Can not find server sources, try decompiling !!
03:17:24 - !! Can not find server sources, try decompiling !!
03:19:00 - !! Can not find server sources, try decompiling !!
03:41:55 - '"javac" -Xlint:-options -deprecation -g -source 1.6 -target 1.6 -classpath "jars/versions/1.8.8/1.8.8.jar:lib:lib/*:jars/libraries/net/java/jinput/jinput/2.0.5/jinput-2.0.5.jar:jars/libraries/org/lwjgl/lwjgl/lwjgl-platform/2.9.4-nightly-20150209/lwjgl-platform-2.9.4-nightly-20150209-natives-linux.jar:jars/libraries/com/ibm/icu/icu4j-core-mojang/51.2/icu4j-core-mojang-51.2.jar:jars/libraries/org/apache/httpcomponents/httpcore/4.3.2/httpcore-4.3.2.jar:jars/libraries/org/apache/logging/log4j/log4j-api/2.0-beta9/log4j-api-2.0-beta9.jar:jars/libraries/org/apache/commons/commons-lang3/3.3.2/commons-lang3-3.3.2.jar:jars/libraries/net/java/dev/jna/jna/3.4.0/jna-3.4.0.jar:jars/libraries/com/paulscode/libraryjavasound/20101123/libraryjavasound-20101123.jar:jars/libraries/net/sf/jopt-simple/jopt-simple/4.6/jopt-simple-4.6.jar:jars/libraries/com/google/guava/guava/17.0/guava-17.0.jar:jars/libraries/oshi-project/oshi-core/1.1/oshi-core-1.1.jar:jars/libraries/org/apache/httpcomponents/httpclient/4.3.3/httpclient-4.3.3.jar:jars/libraries/org/apache/commons/commons-compress/1.8.1/commons-compress-1.8.1.jar:jars/libraries/net/java/dev/jna/platform/3.4.0/platform-3.4.0.jar:jars/libraries/com/paulscode/codecjorbis/20101023/codecjorbis-20101023.jar:jars/libraries/com/paulscode/soundsystem/20120107/soundsystem-20120107.jar:jars/libraries/com/paulscode/librarylwjglopenal/20100824/librarylwjglopenal-20100824.jar:jars/libraries/org/lwjgl/lwjgl/lwjgl_util/2.9.4-nightly-20150209/lwjgl_util-2.9.4-nightly-20150209.jar:jars/libraries/commons-codec/commons-codec/1.9/commons-codec-1.9.jar:jars/libraries/net/java/jutils/jutils/1.0.0/jutils-1.0.0.jar:jars/libraries/commons-logging/commons-logging/1.1.3/commons-logging-1.1.3.jar:jars/libraries/org/lwjgl/lwjgl/lwjgl/2.9.4-nightly-20150209/lwjgl-2.9.4-nightly-20150209.jar:jars/libraries/commons-io/commons-io/2.4/commons-io-2.4.jar:jars/libraries/com/mojang/realms/1.7.39/realms-1.7.39.jar:jars/libraries/com/mojang/authlib/1.5.21/authlib-1.5.21.jar:jars/libraries/com/google/code/gson/gson/2.2.4/gson-2.2.4.jar:jars/libraries/com/mojang/netty/1.8.8/netty-1.8.8.jar:jars/libraries/tv/twitch/twitch/6.5/twitch-6.5.jar:jars/libraries/com/paulscode/codecwav/20101023/codecwav-20101023.jar:jars/libraries/net/java/jinput/jinput-platform/2.0.5/jinput-platform-2.0.5-natives-linux.jar:jars/libraries/org/apache/logging/log4j/log4j-core/2.0-beta9/log4j-core-2.0-beta9.jar:jars/libraries/io/netty/netty-all/4.0.23.Final/netty-all-4.0.23.Final.jar" -sourcepath src/minecraft -d bin/minecraft @temp/java_src_client.txt' failed : 1
03:41:55 - 
03:41:55 - == ERRORS FOUND in JAVA CODE ==
03:41:55 - 
03:41:55 - src/minecraft/net/custom/RepopulateCommand.java:76: error: lambda expressions are not supported in -source 1.6
03:41:55 -                 HttpUtil.DOWNLOAD_THREAD_FACTORY.submit(() -> {
03:41:55 -                                                            ^
03:41:55 - 
03:41:55 -   (use -source 8 or higher to enable lambda expressions)
03:41:55 - src/minecraft/net/custom/RepopulateCommand.java:120: error: diamond operator is not supported in -source 1.6
03:41:55 -         return new ArrayList<>();
03:41:55 -                              ^
03:41:55 - 
03:41:55 -   (use -source 7 or higher to enable diamond operator)
03:41:55 - src/minecraft/net/custom/AbstractRugCommand.java:21: error: diamond operator is not supported in -source 1.6
03:41:55 - 		return new ArrayList<>();
03:41:55 - 		                     ^
03:41:55 - 
03:41:55 -   (use -source 7 or higher to enable diamond operator)
03:41:55 - 3 errors
03:41:55 - ==================
03:41:55 - 
03:41:55 - !! Can not find server sources, try decompiling !!
03:43:59 - '"javac" -Xlint:-options -deprecation -g -source 1.6 -target 1.6 -classpath "jars/versions/1.8.8/1.8.8.jar:lib:lib/*:jars/libraries/net/java/jinput/jinput/2.0.5/jinput-2.0.5.jar:jars/libraries/org/lwjgl/lwjgl/lwjgl-platform/2.9.4-nightly-20150209/lwjgl-platform-2.9.4-nightly-20150209-natives-linux.jar:jars/libraries/com/ibm/icu/icu4j-core-mojang/51.2/icu4j-core-mojang-51.2.jar:jars/libraries/org/apache/httpcomponents/httpcore/4.3.2/httpcore-4.3.2.jar:jars/libraries/org/apache/logging/log4j/log4j-api/2.0-beta9/log4j-api-2.0-beta9.jar:jars/libraries/org/apache/commons/commons-lang3/3.3.2/commons-lang3-3.3.2.jar:jars/libraries/net/java/dev/jna/jna/3.4.0/jna-3.4.0.jar:jars/libraries/com/paulscode/libraryjavasound/20101123/libraryjavasound-20101123.jar:jars/libraries/net/sf/jopt-simple/jopt-simple/4.6/jopt-simple-4.6.jar:jars/libraries/com/google/guava/guava/17.0/guava-17.0.jar:jars/libraries/oshi-project/oshi-core/1.1/oshi-core-1.1.jar:jars/libraries/org/apache/httpcomponents/httpclient/4.3.3/httpclient-4.3.3.jar:jars/libraries/org/apache/commons/commons-compress/1.8.1/commons-compress-1.8.1.jar:jars/libraries/net/java/dev/jna/platform/3.4.0/platform-3.4.0.jar:jars/libraries/com/paulscode/codecjorbis/20101023/codecjorbis-20101023.jar:jars/libraries/com/paulscode/soundsystem/20120107/soundsystem-20120107.jar:jars/libraries/com/paulscode/librarylwjglopenal/20100824/librarylwjglopenal-20100824.jar:jars/libraries/org/lwjgl/lwjgl/lwjgl_util/2.9.4-nightly-20150209/lwjgl_util-2.9.4-nightly-20150209.jar:jars/libraries/commons-codec/commons-codec/1.9/commons-codec-1.9.jar:jars/libraries/net/java/jutils/jutils/1.0.0/jutils-1.0.0.jar:jars/libraries/commons-logging/commons-logging/1.1.3/commons-logging-1.1.3.jar:jars/libraries/org/lwjgl/lwjgl/lwjgl/2.9.4-nightly-20150209/lwjgl-2.9.4-nightly-20150209.jar:jars/libraries/commons-io/commons-io/2.4/commons-io-2.4.jar:jars/libraries/com/mojang/realms/1.7.39/realms-1.7.39.jar:jars/libraries/com/mojang/authlib/1.5.21/authlib-1.5.21.jar:jars/libraries/com/google/code/gson/gson/2.2.4/gson-2.2.4.jar:jars/libraries/com/mojang/netty/1.8.8/netty-1.8.8.jar:jars/libraries/tv/twitch/twitch/6.5/twitch-6.5.jar:jars/libraries/com/paulscode/codecwav/20101023/codecwav-20101023.jar:jars/libraries/net/java/jinput/jinput-platform/2.0.5/jinput-platform-2.0.5-natives-linux.jar:jars/libraries/org/apache/logging/log4j/log4j-core/2.0-beta9/log4j-core-2.0-beta9.jar:jars/libraries/io/netty/netty-all/4.0.23.Final/netty-all-4.0.23.Final.jar" -sourcepath src/minecraft -d bin/minecraft @temp/java_src_client.txt' failed : 1
03:43:59 - 
03:43:59 - == ERRORS FOUND in JAVA CODE ==
03:43:59 - 
03:43:59 - src/minecraft/net/custom/AbstractRugCommand.java:21: error: diamond operator is not supported in -source 1.6
03:43:59 - 		return new ArrayList<>();
03:43:59 - 		                     ^
03:43:59 - 
03:43:59 -   (use -source 7 or higher to enable diamond operator)
03:43:59 - 1 error
03:43:59 - ==================
03:43:59 - 
03:43:59 - !! Can not find server sources, try decompiling !!
03:46:03 - '"javac" -Xlint:-options -deprecation -g -source 1.6 -target 1.6 -classpath "jars/versions/1.8.8/1.8.8.jar:lib:lib/*:jars/libraries/net/java/jinput/jinput/2.0.5/jinput-2.0.5.jar:jars/libraries/org/lwjgl/lwjgl/lwjgl-platform/2.9.4-nightly-20150209/lwjgl-platform-2.9.4-nightly-20150209-natives-linux.jar:jars/libraries/com/ibm/icu/icu4j-core-mojang/51.2/icu4j-core-mojang-51.2.jar:jars/libraries/org/apache/httpcomponents/httpcore/4.3.2/httpcore-4.3.2.jar:jars/libraries/org/apache/logging/log4j/log4j-api/2.0-beta9/log4j-api-2.0-beta9.jar:jars/libraries/org/apache/commons/commons-lang3/3.3.2/commons-lang3-3.3.2.jar:jars/libraries/net/java/dev/jna/jna/3.4.0/jna-3.4.0.jar:jars/libraries/com/paulscode/libraryjavasound/20101123/libraryjavasound-20101123.jar:jars/libraries/net/sf/jopt-simple/jopt-simple/4.6/jopt-simple-4.6.jar:jars/libraries/com/google/guava/guava/17.0/guava-17.0.jar:jars/libraries/oshi-project/oshi-core/1.1/oshi-core-1.1.jar:jars/libraries/org/apache/httpcomponents/httpclient/4.3.3/httpclient-4.3.3.jar:jars/libraries/org/apache/commons/commons-compress/1.8.1/commons-compress-1.8.1.jar:jars/libraries/net/java/dev/jna/platform/3.4.0/platform-3.4.0.jar:jars/libraries/com/paulscode/codecjorbis/20101023/codecjorbis-20101023.jar:jars/libraries/com/paulscode/soundsystem/20120107/soundsystem-20120107.jar:jars/libraries/com/paulscode/librarylwjglopenal/20100824/librarylwjglopenal-20100824.jar:jars/libraries/org/lwjgl/lwjgl/lwjgl_util/2.9.4-nightly-20150209/lwjgl_util-2.9.4-nightly-20150209.jar:jars/libraries/commons-codec/commons-codec/1.9/commons-codec-1.9.jar:jars/libraries/net/java/jutils/jutils/1.0.0/jutils-1.0.0.jar:jars/libraries/commons-logging/commons-logging/1.1.3/commons-logging-1.1.3.jar:jars/libraries/org/lwjgl/lwjgl/lwjgl/2.9.4-nightly-20150209/lwjgl-2.9.4-nightly-20150209.jar:jars/libraries/commons-io/commons-io/2.4/commons-io-2.4.jar:jars/libraries/com/mojang/realms/1.7.39/realms-1.7.39.jar:jars/libraries/com/mojang/authlib/1.5.21/authlib-1.5.21.jar:jars/libraries/com/google/code/gson/gson/2.2.4/gson-2.2.4.jar:jars/libraries/com/mojang/netty/1.8.8/netty-1.8.8.jar:jars/libraries/tv/twitch/twitch/6.5/twitch-6.5.jar:jars/libraries/com/paulscode/codecwav/20101023/codecwav-20101023.jar:jars/libraries/net/java/jinput/jinput-platform/2.0.5/jinput-platform-2.0.5-natives-linux.jar:jars/libraries/org/apache/logging/log4j/log4j-core/2.0-beta9/log4j-core-2.0-beta9.jar:jars/libraries/io/netty/netty-all/4.0.23.Final/netty-all-4.0.23.Final.jar" -sourcepath src/minecraft -d bin/minecraft @temp/java_src_client.txt' failed : 1
03:46:03 - 
03:46:03 - == ERRORS FOUND in JAVA CODE ==
03:46:03 - 
03:46:03 - src/minecraft/net/custom/RepopulateCommand.java:3: error: package net.minecraft.server.command.exception does not exist
03:46:03 - import net.minecraft.server.command.exception.CommandException;
03:46:03 -                                              ^
03:46:03 - 
03:46:03 - src/minecraft/net/custom/RepopulateCommand.java:4: error: package net.minecraft.server.command.exception does not exist
03:46:03 - import net.minecraft.server.command.exception.InvalidNumberException;
03:46:03 -                                              ^
03:46:03 - 
03:46:03 - src/minecraft/net/custom/RepopulateCommand.java:5: error: package net.minecraft.server.command.source does not exist
03:46:03 - import net.minecraft.server.command.source.CommandSource;
03:46:03 -                                           ^
03:46:03 - 
03:46:03 - src/minecraft/net/custom/RepopulateCommand.java:6: error: package net.minecraft.server.world.chunk does not exist
03:46:03 - import net.minecraft.server.world.chunk.ServerChunkCache;
03:46:03 -                                        ^
03:46:03 - 
03:46:03 - src/minecraft/net/custom/RepopulateCommand.java:7: error: package net.minecraft.text does not exist
03:46:03 - import net.minecraft.text.LiteralText;
03:46:03 -                          ^
03:46:03 - 
03:46:03 - src/minecraft/net/custom/RepopulateCommand.java:9: error: cannot find symbol
03:46:03 - import net.minecraft.util.Long2ObjectHashMap;
03:46:03 -                          ^
03:46:03 - 
03:46:03 -   symbol:   class Long2ObjectHashMap
03:46:03 -   location: package net.minecraft.util
03:46:03 - src/minecraft/net/custom/RepopulateCommand.java:10: error: package net.minecraft.util.math does not exist
03:46:03 - import net.minecraft.util.math.BlockPos;
03:46:03 -                               ^
03:46:03 - 
03:46:03 - src/minecraft/net/custom/RepopulateCommand.java:11: error: package net.minecraft.util.math does not exist
03:46:03 - import net.minecraft.util.math.ChunkPos;
03:46:03 -                               ^
03:46:03 - 
03:46:03 - src/minecraft/net/custom/RepopulateCommand.java:13: error: cannot find symbol
03:46:03 - import net.minecraft.world.chunk.ChunkSource;
03:46:03 -                                 ^
03:46:03 - 
03:46:03 -   symbol:   class ChunkSource
03:46:03 -   location: package net.minecraft.world.chunk
03:46:03 - src/minecraft/net/custom/RepopulateCommand.java:14: error: cannot find symbol
03:46:03 - import net.minecraft.world.chunk.WorldChunk;
03:46:03 -                                 ^
03:46:03 - 
03:46:03 -   symbol:   class WorldChunk
03:46:03 -   location: package net.minecraft.world.chunk
03:46:03 - src/minecraft/net/custom/mixin/ServerChunkCacheAccessor.java:11: error: duplicate class: net.rpm0618.rug.mixin.accessors.ServerChunkCacheAccessor
03:46:03 - public interface ServerChunkCacheAccessor {
03:46:03 -        ^
03:46:03 - 
03:46:03 - src/minecraft/net/custom/RepopulateCommand.java:15: error: cannot access ServerChunkCacheAccessor
03:46:03 - import net.custom.mixin.ServerChunkCacheAccessor;
03:46:03 -                        ^
03:46:03 - 
03:46:03 -   bad source file: src/minecraft/net/custom/mixin/ServerChunkCacheAccessor.java
03:46:03 -     file does not contain class net.custom.mixin.ServerChunkCacheAccessor
03:46:03 -     Please remove or make sure it appears in the correct subdirectory of the sourcepath.
03:46:03 - ==================
03:46:03 - 
03:46:03 - !! Can not find server sources, try decompiling !!
03:46:52 - '"javac" -Xlint:-options -deprecation -g -source 1.6 -target 1.6 -classpath "jars/versions/1.8.8/1.8.8.jar:lib:lib/*:jars/libraries/net/java/jinput/jinput/2.0.5/jinput-2.0.5.jar:jars/libraries/org/lwjgl/lwjgl/lwjgl-platform/2.9.4-nightly-20150209/lwjgl-platform-2.9.4-nightly-20150209-natives-linux.jar:jars/libraries/com/ibm/icu/icu4j-core-mojang/51.2/icu4j-core-mojang-51.2.jar:jars/libraries/org/apache/httpcomponents/httpcore/4.3.2/httpcore-4.3.2.jar:jars/libraries/org/apache/logging/log4j/log4j-api/2.0-beta9/log4j-api-2.0-beta9.jar:jars/libraries/org/apache/commons/commons-lang3/3.3.2/commons-lang3-3.3.2.jar:jars/libraries/net/java/dev/jna/jna/3.4.0/jna-3.4.0.jar:jars/libraries/com/paulscode/libraryjavasound/20101123/libraryjavasound-20101123.jar:jars/libraries/net/sf/jopt-simple/jopt-simple/4.6/jopt-simple-4.6.jar:jars/libraries/com/google/guava/guava/17.0/guava-17.0.jar:jars/libraries/oshi-project/oshi-core/1.1/oshi-core-1.1.jar:jars/libraries/org/apache/httpcomponents/httpclient/4.3.3/httpclient-4.3.3.jar:jars/libraries/org/apache/commons/commons-compress/1.8.1/commons-compress-1.8.1.jar:jars/libraries/net/java/dev/jna/platform/3.4.0/platform-3.4.0.jar:jars/libraries/com/paulscode/codecjorbis/20101023/codecjorbis-20101023.jar:jars/libraries/com/paulscode/soundsystem/20120107/soundsystem-20120107.jar:jars/libraries/com/paulscode/librarylwjglopenal/20100824/librarylwjglopenal-20100824.jar:jars/libraries/org/lwjgl/lwjgl/lwjgl_util/2.9.4-nightly-20150209/lwjgl_util-2.9.4-nightly-20150209.jar:jars/libraries/commons-codec/commons-codec/1.9/commons-codec-1.9.jar:jars/libraries/net/java/jutils/jutils/1.0.0/jutils-1.0.0.jar:jars/libraries/commons-logging/commons-logging/1.1.3/commons-logging-1.1.3.jar:jars/libraries/org/lwjgl/lwjgl/lwjgl/2.9.4-nightly-20150209/lwjgl-2.9.4-nightly-20150209.jar:jars/libraries/commons-io/commons-io/2.4/commons-io-2.4.jar:jars/libraries/com/mojang/realms/1.7.39/realms-1.7.39.jar:jars/libraries/com/mojang/authlib/1.5.21/authlib-1.5.21.jar:jars/libraries/com/google/code/gson/gson/2.2.4/gson-2.2.4.jar:jars/libraries/com/mojang/netty/1.8.8/netty-1.8.8.jar:jars/libraries/tv/twitch/twitch/6.5/twitch-6.5.jar:jars/libraries/com/paulscode/codecwav/20101023/codecwav-20101023.jar:jars/libraries/net/java/jinput/jinput-platform/2.0.5/jinput-platform-2.0.5-natives-linux.jar:jars/libraries/org/apache/logging/log4j/log4j-core/2.0-beta9/log4j-core-2.0-beta9.jar:jars/libraries/io/netty/netty-all/4.0.23.Final/netty-all-4.0.23.Final.jar" -sourcepath src/minecraft -d bin/minecraft @temp/java_src_client.txt' failed : 1
03:46:52 - 
03:46:52 - == ERRORS FOUND in JAVA CODE ==
03:46:52 - 
03:46:52 - src/minecraft/net/custom/RepopulateCommand.java:3: error: package net.minecraft.server.command.exception does not exist
03:46:52 - import net.minecraft.server.command.exception.CommandException;
03:46:52 -                                              ^
03:46:52 - 
03:46:52 - src/minecraft/net/custom/RepopulateCommand.java:4: error: package net.minecraft.server.command.exception does not exist
03:46:52 - import net.minecraft.server.command.exception.InvalidNumberException;
03:46:52 -                                              ^
03:46:52 - 
03:46:52 - src/minecraft/net/custom/RepopulateCommand.java:5: error: package net.minecraft.server.command.source does not exist
03:46:52 - import net.minecraft.server.command.source.CommandSource;
03:46:52 -                                           ^
03:46:52 - 
03:46:52 - src/minecraft/net/custom/RepopulateCommand.java:6: error: package net.minecraft.server.world.chunk does not exist
03:46:52 - import net.minecraft.server.world.chunk.ServerChunkCache;
03:46:52 -                                        ^
03:46:52 - 
03:46:52 - src/minecraft/net/custom/RepopulateCommand.java:7: error: package net.minecraft.text does not exist
03:46:52 - import net.minecraft.text.LiteralText;
03:46:52 -                          ^
03:46:52 - 
03:46:52 - src/minecraft/net/custom/RepopulateCommand.java:9: error: cannot find symbol
03:46:52 - import net.minecraft.util.Long2ObjectHashMap;
03:46:52 -                          ^
03:46:52 - 
03:46:52 -   symbol:   class Long2ObjectHashMap
03:46:52 -   location: package net.minecraft.util
03:46:52 - src/minecraft/net/custom/RepopulateCommand.java:10: error: package net.minecraft.util.math does not exist
03:46:52 - import net.minecraft.util.math.BlockPos;
03:46:52 -                               ^
03:46:52 - 
03:46:52 - src/minecraft/net/custom/RepopulateCommand.java:11: error: package net.minecraft.util.math does not exist
03:46:52 - import net.minecraft.util.math.ChunkPos;
03:46:52 -                               ^
03:46:52 - 
03:46:52 - src/minecraft/net/custom/RepopulateCommand.java:13: error: cannot find symbol
03:46:52 - import net.minecraft.world.chunk.ChunkSource;
03:46:52 -                                 ^
03:46:52 - 
03:46:52 -   symbol:   class ChunkSource
03:46:52 -   location: package net.minecraft.world.chunk
03:46:52 - src/minecraft/net/custom/RepopulateCommand.java:14: error: cannot find symbol
03:46:52 - import net.minecraft.world.chunk.WorldChunk;
03:46:52 -                                 ^
03:46:52 - 
03:46:52 -   symbol:   class WorldChunk
03:46:52 -   location: package net.minecraft.world.chunk
03:46:52 - src/minecraft/net/custom/mixin/ServerChunkCacheAccessor.java:11: error: duplicate class: net.rpm0618.rug.mixin.accessors.ServerChunkCacheAccessor
03:46:52 - public interface ServerChunkCacheAccessor {
03:46:52 -        ^
03:46:52 - 
03:46:52 - src/minecraft/net/custom/RepopulateCommand.java:15: error: cannot access ServerChunkCacheAccessor
03:46:52 - import net.custom.mixin.ServerChunkCacheAccessor;
03:46:52 -                        ^
03:46:52 - 
03:46:52 -   bad source file: src/minecraft/net/custom/mixin/ServerChunkCacheAccessor.java
03:46:52 -     file does not contain class net.custom.mixin.ServerChunkCacheAccessor
03:46:52 -     Please remove or make sure it appears in the correct subdirectory of the sourcepath.
03:46:52 - ==================
03:46:52 - 
03:46:52 - !! Can not find server sources, try decompiling !!
03:48:00 - '"javac" -Xlint:-options -deprecation -g -source 1.6 -target 1.6 -classpath "jars/versions/1.8.8/1.8.8.jar:lib:lib/*:jars/libraries/net/java/jinput/jinput/2.0.5/jinput-2.0.5.jar:jars/libraries/org/lwjgl/lwjgl/lwjgl-platform/2.9.4-nightly-20150209/lwjgl-platform-2.9.4-nightly-20150209-natives-linux.jar:jars/libraries/com/ibm/icu/icu4j-core-mojang/51.2/icu4j-core-mojang-51.2.jar:jars/libraries/org/apache/httpcomponents/httpcore/4.3.2/httpcore-4.3.2.jar:jars/libraries/org/apache/logging/log4j/log4j-api/2.0-beta9/log4j-api-2.0-beta9.jar:jars/libraries/org/apache/commons/commons-lang3/3.3.2/commons-lang3-3.3.2.jar:jars/libraries/net/java/dev/jna/jna/3.4.0/jna-3.4.0.jar:jars/libraries/com/paulscode/libraryjavasound/20101123/libraryjavasound-20101123.jar:jars/libraries/net/sf/jopt-simple/jopt-simple/4.6/jopt-simple-4.6.jar:jars/libraries/com/google/guava/guava/17.0/guava-17.0.jar:jars/libraries/oshi-project/oshi-core/1.1/oshi-core-1.1.jar:jars/libraries/org/apache/httpcomponents/httpclient/4.3.3/httpclient-4.3.3.jar:jars/libraries/org/apache/commons/commons-compress/1.8.1/commons-compress-1.8.1.jar:jars/libraries/net/java/dev/jna/platform/3.4.0/platform-3.4.0.jar:jars/libraries/com/paulscode/codecjorbis/20101023/codecjorbis-20101023.jar:jars/libraries/com/paulscode/soundsystem/20120107/soundsystem-20120107.jar:jars/libraries/com/paulscode/librarylwjglopenal/20100824/librarylwjglopenal-20100824.jar:jars/libraries/org/lwjgl/lwjgl/lwjgl_util/2.9.4-nightly-20150209/lwjgl_util-2.9.4-nightly-20150209.jar:jars/libraries/commons-codec/commons-codec/1.9/commons-codec-1.9.jar:jars/libraries/net/java/jutils/jutils/1.0.0/jutils-1.0.0.jar:jars/libraries/commons-logging/commons-logging/1.1.3/commons-logging-1.1.3.jar:jars/libraries/org/lwjgl/lwjgl/lwjgl/2.9.4-nightly-20150209/lwjgl-2.9.4-nightly-20150209.jar:jars/libraries/commons-io/commons-io/2.4/commons-io-2.4.jar:jars/libraries/com/mojang/realms/1.7.39/realms-1.7.39.jar:jars/libraries/com/mojang/authlib/1.5.21/authlib-1.5.21.jar:jars/libraries/com/google/code/gson/gson/2.2.4/gson-2.2.4.jar:jars/libraries/com/mojang/netty/1.8.8/netty-1.8.8.jar:jars/libraries/tv/twitch/twitch/6.5/twitch-6.5.jar:jars/libraries/com/paulscode/codecwav/20101023/codecwav-20101023.jar:jars/libraries/net/java/jinput/jinput-platform/2.0.5/jinput-platform-2.0.5-natives-linux.jar:jars/libraries/org/apache/logging/log4j/log4j-core/2.0-beta9/log4j-core-2.0-beta9.jar:jars/libraries/io/netty/netty-all/4.0.23.Final/netty-all-4.0.23.Final.jar" -sourcepath src/minecraft -d bin/minecraft @temp/java_src_client.txt' failed : 1
03:48:00 - 
03:48:00 - == ERRORS FOUND in JAVA CODE ==
03:48:00 - 
03:48:00 - src/minecraft/net/custom/RepopulateCommand.java:3: error: package net.minecraft.command.exception does not exist
03:48:00 - import net.minecraft.command.exception.CommandException;
03:48:00 -                                       ^
03:48:00 - 
03:48:00 - src/minecraft/net/custom/RepopulateCommand.java:4: error: package net.minecraft.command.exception does not exist
03:48:00 - import net.minecraft.command.exception.InvalidNumberException;
03:48:00 -                                       ^
03:48:00 - 
03:48:00 - src/minecraft/net/custom/RepopulateCommand.java:5: error: package net.minecraft.command.source does not exist
03:48:00 - import net.minecraft.command.source.CommandSource;
03:48:00 -                                    ^
03:48:00 - 
03:48:00 - src/minecraft/net/custom/RepopulateCommand.java:6: error: cannot find symbol
03:48:00 - import net.minecraft.world.chunk.ServerChunkCache;
03:48:00 -                                 ^
03:48:00 - 
03:48:00 -   symbol:   class ServerChunkCache
03:48:00 -   location: package net.minecraft.world.chunk
03:48:00 - src/minecraft/net/custom/RepopulateCommand.java:7: error: package net.minecraft.text does not exist
03:48:00 - import net.minecraft.text.LiteralText;
03:48:00 -                          ^
03:48:00 - 
03:48:00 - src/minecraft/net/custom/RepopulateCommand.java:9: error: cannot find symbol
03:48:00 - import net.minecraft.util.Long2ObjectHashMap;
03:48:00 -                          ^
03:48:00 - 
03:48:00 -   symbol:   class Long2ObjectHashMap
03:48:00 -   location: package net.minecraft.util
03:48:00 - src/minecraft/net/custom/RepopulateCommand.java:10: error: package net.minecraft.util.math does not exist
03:48:00 - import net.minecraft.util.math.BlockPos;
03:48:00 -                               ^
03:48:00 - 
03:48:00 - src/minecraft/net/custom/RepopulateCommand.java:11: error: package net.minecraft.util.math does not exist
03:48:00 - import net.minecraft.util.math.ChunkPos;
03:48:00 -                               ^
03:48:00 - 
03:48:00 - src/minecraft/net/custom/RepopulateCommand.java:13: error: cannot find symbol
03:48:00 - import net.minecraft.world.chunk.ChunkSource;
03:48:00 -                                 ^
03:48:00 - 
03:48:00 -   symbol:   class ChunkSource
03:48:00 -   location: package net.minecraft.world.chunk
03:48:00 - src/minecraft/net/custom/RepopulateCommand.java:14: error: cannot find symbol
03:48:00 - import net.minecraft.world.chunk.WorldChunk;
03:48:00 -                                 ^
03:48:00 - 
03:48:00 -   symbol:   class WorldChunk
03:48:00 -   location: package net.minecraft.world.chunk
03:48:00 - src/minecraft/net/custom/mixin/ServerChunkCacheAccessor.java:11: error: duplicate class: net.rpm0618.rug.mixin.accessors.ServerChunkCacheAccessor
03:48:00 - public interface ServerChunkCacheAccessor {
03:48:00 -        ^
03:48:00 - 
03:48:00 - src/minecraft/net/custom/RepopulateCommand.java:15: error: cannot access ServerChunkCacheAccessor
03:48:00 - import net.custom.mixin.ServerChunkCacheAccessor;
03:48:00 -                        ^
03:48:00 - 
03:48:00 -   bad source file: src/minecraft/net/custom/mixin/ServerChunkCacheAccessor.java
03:48:00 -     file does not contain class net.custom.mixin.ServerChunkCacheAccessor
03:48:00 -     Please remove or make sure it appears in the correct subdirectory of the sourcepath.
03:48:00 - ==================
03:48:00 - 
03:48:00 - !! Can not find server sources, try decompiling !!
03:51:10 - '"javac" -Xlint:-options -deprecation -g -source 1.6 -target 1.6 -classpath "jars/versions/1.8.8/1.8.8.jar:lib:lib/*:jars/libraries/net/java/jinput/jinput/2.0.5/jinput-2.0.5.jar:jars/libraries/org/lwjgl/lwjgl/lwjgl-platform/2.9.4-nightly-20150209/lwjgl-platform-2.9.4-nightly-20150209-natives-linux.jar:jars/libraries/com/ibm/icu/icu4j-core-mojang/51.2/icu4j-core-mojang-51.2.jar:jars/libraries/org/apache/httpcomponents/httpcore/4.3.2/httpcore-4.3.2.jar:jars/libraries/org/apache/logging/log4j/log4j-api/2.0-beta9/log4j-api-2.0-beta9.jar:jars/libraries/org/apache/commons/commons-lang3/3.3.2/commons-lang3-3.3.2.jar:jars/libraries/net/java/dev/jna/jna/3.4.0/jna-3.4.0.jar:jars/libraries/com/paulscode/libraryjavasound/20101123/libraryjavasound-20101123.jar:jars/libraries/net/sf/jopt-simple/jopt-simple/4.6/jopt-simple-4.6.jar:jars/libraries/com/google/guava/guava/17.0/guava-17.0.jar:jars/libraries/oshi-project/oshi-core/1.1/oshi-core-1.1.jar:jars/libraries/org/apache/httpcomponents/httpclient/4.3.3/httpclient-4.3.3.jar:jars/libraries/org/apache/commons/commons-compress/1.8.1/commons-compress-1.8.1.jar:jars/libraries/net/java/dev/jna/platform/3.4.0/platform-3.4.0.jar:jars/libraries/com/paulscode/codecjorbis/20101023/codecjorbis-20101023.jar:jars/libraries/com/paulscode/soundsystem/20120107/soundsystem-20120107.jar:jars/libraries/com/paulscode/librarylwjglopenal/20100824/librarylwjglopenal-20100824.jar:jars/libraries/org/lwjgl/lwjgl/lwjgl_util/2.9.4-nightly-20150209/lwjgl_util-2.9.4-nightly-20150209.jar:jars/libraries/commons-codec/commons-codec/1.9/commons-codec-1.9.jar:jars/libraries/net/java/jutils/jutils/1.0.0/jutils-1.0.0.jar:jars/libraries/commons-logging/commons-logging/1.1.3/commons-logging-1.1.3.jar:jars/libraries/org/lwjgl/lwjgl/lwjgl/2.9.4-nightly-20150209/lwjgl-2.9.4-nightly-20150209.jar:jars/libraries/commons-io/commons-io/2.4/commons-io-2.4.jar:jars/libraries/com/mojang/realms/1.7.39/realms-1.7.39.jar:jars/libraries/com/mojang/authlib/1.5.21/authlib-1.5.21.jar:jars/libraries/com/google/code/gson/gson/2.2.4/gson-2.2.4.jar:jars/libraries/com/mojang/netty/1.8.8/netty-1.8.8.jar:jars/libraries/tv/twitch/twitch/6.5/twitch-6.5.jar:jars/libraries/com/paulscode/codecwav/20101023/codecwav-20101023.jar:jars/libraries/net/java/jinput/jinput-platform/2.0.5/jinput-platform-2.0.5-natives-linux.jar:jars/libraries/org/apache/logging/log4j/log4j-core/2.0-beta9/log4j-core-2.0-beta9.jar:jars/libraries/io/netty/netty-all/4.0.23.Final/netty-all-4.0.23.Final.jar" -sourcepath src/minecraft -d bin/minecraft @temp/java_src_client.txt' failed : 1
03:51:10 - 
03:51:10 - == ERRORS FOUND in JAVA CODE ==
03:51:10 - 
03:51:10 - src/minecraft/net/custom/RepopulateCommand.java:4: error: cannot find symbol
03:51:10 - import net.minecraft.command.InvalidNumberException;
03:51:10 -                             ^
03:51:10 - 
03:51:10 -   symbol:   class InvalidNumberException
03:51:10 -   location: package net.minecraft.command
03:51:10 - src/minecraft/net/custom/RepopulateCommand.java:5: error: package net.minecraft.command.source does not exist
03:51:10 - import net.minecraft.command.source.CommandBase;
03:51:10 -                                    ^
03:51:10 - 
03:51:10 - src/minecraft/net/custom/RepopulateCommand.java:6: error: cannot find symbol
03:51:10 - import net.minecraft.world.chunk.ServerChunkCache;
03:51:10 -                                 ^
03:51:10 - 
03:51:10 -   symbol:   class ServerChunkCache
03:51:10 -   location: package net.minecraft.world.chunk
03:51:10 - src/minecraft/net/custom/RepopulateCommand.java:7: error: package net.minecraft.text does not exist
03:51:10 - import net.minecraft.text.LiteralText;
03:51:10 -                          ^
03:51:10 - 
03:51:10 - src/minecraft/net/custom/RepopulateCommand.java:9: error: cannot find symbol
03:51:10 - import net.minecraft.util.Long2ObjectHashMap;
03:51:10 -                          ^
03:51:10 - 
03:51:10 -   symbol:   class Long2ObjectHashMap
03:51:10 -   location: package net.minecraft.util
03:51:10 - src/minecraft/net/custom/RepopulateCommand.java:10: error: package net.minecraft.util.math does not exist
03:51:10 - import net.minecraft.util.math.BlockPos;
03:51:10 -                               ^
03:51:10 - 
03:51:10 - src/minecraft/net/custom/RepopulateCommand.java:11: error: package net.minecraft.util.math does not exist
03:51:10 - import net.minecraft.util.math.ChunkPos;
03:51:10 -                               ^
03:51:10 - 
03:51:10 - src/minecraft/net/custom/RepopulateCommand.java:13: error: cannot find symbol
03:51:10 - import net.minecraft.world.chunk.ChunkSource;
03:51:10 -                                 ^
03:51:10 - 
03:51:10 -   symbol:   class ChunkSource
03:51:10 -   location: package net.minecraft.world.chunk
03:51:10 - src/minecraft/net/custom/RepopulateCommand.java:14: error: cannot find symbol
03:51:10 - import net.minecraft.world.chunk.WorldChunk;
03:51:10 -                                 ^
03:51:10 - 
03:51:10 -   symbol:   class WorldChunk
03:51:10 -   location: package net.minecraft.world.chunk
03:51:10 - src/minecraft/net/custom/mixin/ServerChunkCacheAccessor.java:11: error: duplicate class: net.rpm0618.rug.mixin.accessors.ServerChunkCacheAccessor
03:51:10 - public interface ServerChunkCacheAccessor {
03:51:10 -        ^
03:51:10 - 
03:51:10 - src/minecraft/net/custom/RepopulateCommand.java:15: error: cannot access ServerChunkCacheAccessor
03:51:10 - import net.custom.mixin.ServerChunkCacheAccessor;
03:51:10 -                        ^
03:51:10 - 
03:51:10 -   bad source file: src/minecraft/net/custom/mixin/ServerChunkCacheAccessor.java
03:51:10 -     file does not contain class net.custom.mixin.ServerChunkCacheAccessor
03:51:10 -     Please remove or make sure it appears in the correct subdirectory of the sourcepath.
03:51:10 - ==================
03:51:10 - 
03:51:10 - !! Can not find server sources, try decompiling !!
03:58:21 - '"javac" -Xlint:-options -deprecation -g -source 1.6 -target 1.6 -classpath "jars/versions/1.8.8/1.8.8.jar:lib:lib/*:jars/libraries/net/java/jinput/jinput/2.0.5/jinput-2.0.5.jar:jars/libraries/org/lwjgl/lwjgl/lwjgl-platform/2.9.4-nightly-20150209/lwjgl-platform-2.9.4-nightly-20150209-natives-linux.jar:jars/libraries/com/ibm/icu/icu4j-core-mojang/51.2/icu4j-core-mojang-51.2.jar:jars/libraries/org/apache/httpcomponents/httpcore/4.3.2/httpcore-4.3.2.jar:jars/libraries/org/apache/logging/log4j/log4j-api/2.0-beta9/log4j-api-2.0-beta9.jar:jars/libraries/org/apache/commons/commons-lang3/3.3.2/commons-lang3-3.3.2.jar:jars/libraries/net/java/dev/jna/jna/3.4.0/jna-3.4.0.jar:jars/libraries/com/paulscode/libraryjavasound/20101123/libraryjavasound-20101123.jar:jars/libraries/net/sf/jopt-simple/jopt-simple/4.6/jopt-simple-4.6.jar:jars/libraries/com/google/guava/guava/17.0/guava-17.0.jar:jars/libraries/oshi-project/oshi-core/1.1/oshi-core-1.1.jar:jars/libraries/org/apache/httpcomponents/httpclient/4.3.3/httpclient-4.3.3.jar:jars/libraries/org/apache/commons/commons-compress/1.8.1/commons-compress-1.8.1.jar:jars/libraries/net/java/dev/jna/platform/3.4.0/platform-3.4.0.jar:jars/libraries/com/paulscode/codecjorbis/20101023/codecjorbis-20101023.jar:jars/libraries/com/paulscode/soundsystem/20120107/soundsystem-20120107.jar:jars/libraries/com/paulscode/librarylwjglopenal/20100824/librarylwjglopenal-20100824.jar:jars/libraries/org/lwjgl/lwjgl/lwjgl_util/2.9.4-nightly-20150209/lwjgl_util-2.9.4-nightly-20150209.jar:jars/libraries/commons-codec/commons-codec/1.9/commons-codec-1.9.jar:jars/libraries/net/java/jutils/jutils/1.0.0/jutils-1.0.0.jar:jars/libraries/commons-logging/commons-logging/1.1.3/commons-logging-1.1.3.jar:jars/libraries/org/lwjgl/lwjgl/lwjgl/2.9.4-nightly-20150209/lwjgl-2.9.4-nightly-20150209.jar:jars/libraries/commons-io/commons-io/2.4/commons-io-2.4.jar:jars/libraries/com/mojang/realms/1.7.39/realms-1.7.39.jar:jars/libraries/com/mojang/authlib/1.5.21/authlib-1.5.21.jar:jars/libraries/com/google/code/gson/gson/2.2.4/gson-2.2.4.jar:jars/libraries/com/mojang/netty/1.8.8/netty-1.8.8.jar:jars/libraries/tv/twitch/twitch/6.5/twitch-6.5.jar:jars/libraries/com/paulscode/codecwav/20101023/codecwav-20101023.jar:jars/libraries/net/java/jinput/jinput-platform/2.0.5/jinput-platform-2.0.5-natives-linux.jar:jars/libraries/org/apache/logging/log4j/log4j-core/2.0-beta9/log4j-core-2.0-beta9.jar:jars/libraries/io/netty/netty-all/4.0.23.Final/netty-all-4.0.23.Final.jar" -sourcepath src/minecraft -d bin/minecraft @temp/java_src_client.txt' failed : 1
03:58:21 - 
03:58:21 - == ERRORS FOUND in JAVA CODE ==
03:58:21 - 
03:58:21 - src/minecraft/net/minecraft/command/CommandRepopulate.java:3: error: cannot find symbol
03:58:21 - import net.minecraft.command.InvalidNumberException;
03:58:21 -                             ^
03:58:21 - 
03:58:21 -   symbol:   class InvalidNumberException
03:58:21 -   location: package net.minecraft.command
03:58:21 - src/minecraft/net/minecraft/command/CommandRepopulate.java:4: error: package net.minecraft.command.source does not exist
03:58:21 - import net.minecraft.command.source.CommandBase;
03:58:21 -                                    ^
03:58:21 - 
03:58:21 - src/minecraft/net/minecraft/command/CommandRepopulate.java:5: error: cannot find symbol
03:58:21 - import net.minecraft.world.chunk.ServerChunkCache;
03:58:21 -                                 ^
03:58:21 - 
03:58:21 -   symbol:   class ServerChunkCache
03:58:21 -   location: package net.minecraft.world.chunk
03:58:21 - src/minecraft/net/minecraft/command/CommandRepopulate.java:6: error: package net.minecraft.text does not exist
03:58:21 - import net.minecraft.text.LiteralText;
03:58:21 -                          ^
03:58:21 - 
03:58:21 - src/minecraft/net/minecraft/command/CommandRepopulate.java:8: error: cannot find symbol
03:58:21 - import net.minecraft.util.Long2ObjectHashMap;
03:58:21 -                          ^
03:58:21 - 
03:58:21 -   symbol:   class Long2ObjectHashMap
03:58:21 -   location: package net.minecraft.util
03:58:21 - src/minecraft/net/minecraft/command/CommandRepopulate.java:9: error: package net.minecraft.util.math does not exist
03:58:21 - import net.minecraft.util.math.BlockPos;
03:58:21 -                               ^
03:58:21 - 
03:58:21 - src/minecraft/net/minecraft/command/CommandRepopulate.java:10: error: package net.minecraft.util.math does not exist
03:58:21 - import net.minecraft.util.math.ChunkPos;
03:58:21 -                               ^
03:58:21 - 
03:58:21 - src/minecraft/net/minecraft/command/CommandRepopulate.java:12: error: cannot find symbol
03:58:21 - import net.minecraft.world.chunk.ChunkSource;
03:58:21 -                                 ^
03:58:21 - 
03:58:21 -   symbol:   class ChunkSource
03:58:21 -   location: package net.minecraft.world.chunk
03:58:21 - src/minecraft/net/minecraft/command/CommandRepopulate.java:13: error: cannot find symbol
03:58:21 - import net.minecraft.world.chunk.WorldChunk;
03:58:21 -                                 ^
03:58:21 - 
03:58:21 -   symbol:   class WorldChunk
03:58:21 -   location: package net.minecraft.world.chunk
03:58:21 - src/minecraft/net/minecraft/command/CommandRepopulate.java:14: error: package net.custom.mixin does not exist
03:58:21 - import net.custom.mixin.ServerChunkCacheAccessor;
03:58:21 -                        ^
03:58:21 - 
03:58:21 - src/minecraft/net/minecraft/command/CommandRepopulate.java:19: error: cannot find symbol
03:58:21 - public class CommandRepopulate extends net.custom.AbstractRugCommand {
03:58:21 -                                                  ^
03:58:21 - 
03:58:21 -   symbol:   class AbstractRugCommand
03:58:21 -   location: package net.custom
03:58:21 - src/minecraft/net/minecraft/command/CommandRepopulate.java:113: error: cannot find symbol
03:58:21 -     public List<String> getSuggestions(CommandBase source, String[] args, BlockPos pos) {
03:58:21 -                                                                           ^
03:58:21 - 
03:58:21 -   symbol:   class BlockPos
03:58:21 -   location: class CommandRepopulate
03:58:21 - src/minecraft/net/minecraft/command/CommandRepopulate.java:20: error: method does not override or implement a method from a supertype
03:58:21 -     @Override
03:58:21 -     ^
03:58:21 - 
03:58:21 - src/minecraft/net/minecraft/command/CommandRepopulate.java:25: error: method does not override or implement a method from a supertype
03:58:21 -     @Override
03:58:21 -     ^
03:58:21 - 
03:58:21 - src/minecraft/net/minecraft/command/CommandRepopulate.java:30: error: method does not override or implement a method from a supertype
03:58:21 -     @Override
03:58:21 -     ^
03:58:21 - 
03:58:21 - src/minecraft/net/minecraft/command/CommandRepopulate.java:32: error: cannot find symbol
03:58:21 -         World world = source.getSourceWorld();
03:58:21 -                             ^
03:58:21 - 
03:58:21 -   symbol:   method getSourceWorld()
03:58:21 -   location: variable source of type CommandBase
03:58:21 - src/minecraft/net/minecraft/command/CommandRepopulate.java:33: error: cannot find symbol
03:58:21 -         BlockPos position = source.getSourceBlockPos();
03:58:21 -         ^
03:58:21 - 
03:58:21 -   symbol:   class BlockPos
03:58:21 -   location: class CommandRepopulate
03:58:21 - src/minecraft/net/minecraft/command/CommandRepopulate.java:33: error: cannot find symbol
03:58:21 -         BlockPos position = source.getSourceBlockPos();
03:58:21 -                                   ^
03:58:21 - 
03:58:21 -   symbol:   method getSourceBlockPos()
03:58:21 -   location: variable source of type CommandBase
03:58:21 - src/minecraft/net/minecraft/command/CommandRepopulate.java:41: error: cannot find symbol
03:58:21 -             source.sendMessage(new LiteralText(getUsage(source)));
03:58:21 -                                    ^
03:58:21 - 
03:58:21 -   symbol:   class LiteralText
03:58:21 -   location: class CommandRepopulate
03:58:21 - src/minecraft/net/minecraft/command/CommandRepopulate.java:47: error: cannot find symbol
03:58:21 -                 chunkX = (int) parseCoordinate(chunkX, args[0], false);
03:58:21 -                                ^
03:58:21 - 
03:58:21 -   symbol:   method parseCoordinate(int,String,boolean)
03:58:21 -   location: class CommandRepopulate
03:58:21 - src/minecraft/net/minecraft/command/CommandRepopulate.java:48: error: cannot find symbol
03:58:21 -                 chunkZ = (int) parseCoordinate(chunkZ, args[1], false);
03:58:21 -                                ^
03:58:21 - 
03:58:21 -   symbol:   method parseCoordinate(int,String,boolean)
03:58:21 -   location: class CommandRepopulate
03:58:21 - src/minecraft/net/minecraft/command/CommandRepopulate.java:49: error: cannot find symbol
03:58:21 -             } catch (InvalidNumberException e) {
03:58:21 -                      ^
03:58:21 - 
03:58:21 -   symbol:   class InvalidNumberException
03:58:21 -   location: class CommandRepopulate
03:58:21 - src/minecraft/net/minecraft/command/CommandRepopulate.java:50: error: cannot find symbol
03:58:21 -                 source.sendMessage(new LiteralText(getUsage(source)));
03:58:21 -                                        ^
03:58:21 - 
03:58:21 -   symbol:   class LiteralText
03:58:21 -   location: class CommandRepopulate
03:58:21 - src/minecraft/net/minecraft/command/CommandRepopulate.java:62: error: cannot find symbol
03:58:21 -                 source.sendMessage(new LiteralText(getUsage(source)));
03:58:21 -                                        ^
03:58:21 - 
03:58:21 -   symbol:   class LiteralText
03:58:21 -   location: class CommandRepopulate
03:58:21 - src/minecraft/net/minecraft/command/CommandRepopulate.java:69: error: cannot find symbol
03:58:21 -                 source.sendMessage(new LiteralText("Warning: Area not loaded for repopulation!"));
03:58:21 -                                        ^
03:58:21 - 
03:58:21 -   symbol:   class LiteralText
03:58:21 -   location: class CommandRepopulate
03:58:21 - src/minecraft/net/minecraft/command/CommandRepopulate.java:75: error: cannot find symbol
03:58:21 -                 HttpUtil.DOWNLOAD_THREAD_FACTORY.submit(new Runnable() {
03:58:21 -                         ^
03:58:21 - 
03:58:21 -   symbol:   variable DOWNLOAD_THREAD_FACTORY
03:58:21 -   location: class HttpUtil
03:58:21 - src/minecraft/net/minecraft/command/CommandRepopulate.java:90: error: cannot find symbol
03:58:21 -             WorldChunk chunk = world.getChunkAt(chunkX, chunkZ);
03:58:21 -             ^
03:58:21 - 
03:58:21 -   symbol:   class WorldChunk
03:58:21 -   location: class CommandRepopulate
03:58:21 - src/minecraft/net/minecraft/command/CommandRepopulate.java:90: error: cannot find symbol
03:58:21 -             WorldChunk chunk = world.getChunkAt(chunkX, chunkZ);
03:58:21 -                                     ^
03:58:21 - 
03:58:21 -   symbol:   method getChunkAt(int,int)
03:58:21 -   location: variable world of type World
03:58:21 - src/minecraft/net/minecraft/command/CommandRepopulate.java:96: error: cannot find symbol
03:58:21 -         ServerChunkCache chunkSource = (ServerChunkCache) world.getChunkSource();
03:58:21 -         ^
03:58:21 - 
03:58:21 -   symbol:   class ServerChunkCache
03:58:21 -   location: class CommandRepopulate
03:58:21 - src/minecraft/net/minecraft/command/CommandRepopulate.java:96: error: cannot find symbol
03:58:21 -         ServerChunkCache chunkSource = (ServerChunkCache) world.getChunkSource();
03:58:21 -                                         ^
03:58:21 - 
03:58:21 -   symbol:   class ServerChunkCache
03:58:21 -   location: class CommandRepopulate
03:58:21 - src/minecraft/net/minecraft/command/CommandRepopulate.java:96: error: cannot find symbol
03:58:21 -         ServerChunkCache chunkSource = (ServerChunkCache) world.getChunkSource();
03:58:21 -                                                                ^
03:58:21 - 
03:58:21 -   symbol:   method getChunkSource()
03:58:21 -   location: variable world of type World
03:58:21 - src/minecraft/net/minecraft/command/CommandRepopulate.java:97: error: cannot find symbol
03:58:21 -         ChunkSource generator = ((ServerChunkCacheAccessor) chunkSource).getGenerator();
03:58:21 -         ^
03:58:21 - 
03:58:21 -   symbol:   class ChunkSource
03:58:21 -   location: class CommandRepopulate
03:58:21 - src/minecraft/net/minecraft/command/CommandRepopulate.java:97: error: cannot find symbol
03:58:21 -         ChunkSource generator = ((ServerChunkCacheAccessor) chunkSource).getGenerator();
03:58:21 -                                   ^
03:58:21 - 
03:58:21 -   symbol:   class ServerChunkCacheAccessor
03:58:21 -   location: class CommandRepopulate
03:58:21 - src/minecraft/net/minecraft/command/CommandRepopulate.java:98: error: cannot find symbol
03:58:21 -         WorldChunk chunk = chunkSource.getChunk(chunkX, chunkZ);
03:58:21 -         ^
03:58:21 - 
03:58:21 -   symbol:   class WorldChunk
03:58:21 -   location: class CommandRepopulate
03:58:21 - src/minecraft/net/minecraft/command/CommandRepopulate.java:104: error: cannot find symbol
03:58:21 -         ServerChunkCache chunkSource = (ServerChunkCache) world.getChunkSource();
03:58:21 -         ^
03:58:21 - 
03:58:21 -   symbol:   class ServerChunkCache
03:58:21 -   location: class CommandRepopulate
03:58:21 - src/minecraft/net/minecraft/command/CommandRepopulate.java:104: error: cannot find symbol
03:58:21 -         ServerChunkCache chunkSource = (ServerChunkCache) world.getChunkSource();
03:58:21 -                                         ^
03:58:21 - 
03:58:21 -   symbol:   class ServerChunkCache
03:58:21 -   location: class CommandRepopulate
03:58:21 - src/minecraft/net/minecraft/command/CommandRepopulate.java:104: error: cannot find symbol
03:58:21 -         ServerChunkCache chunkSource = (ServerChunkCache) world.getChunkSource();
03:58:21 -                                                                ^
03:58:21 - 
03:58:21 -   symbol:   method getChunkSource()
03:58:21 -   location: variable world of type World
03:58:21 - src/minecraft/net/minecraft/command/CommandRepopulate.java:105: error: cannot find symbol
03:58:21 -         Long2ObjectHashMap<WorldChunk> hashMap = ((ServerChunkCacheAccessor) chunkSource).getChunksByPos();
03:58:21 -         ^
03:58:21 - 
03:58:21 -   symbol:   class Long2ObjectHashMap
03:58:21 -   location: class CommandRepopulate
03:58:21 - src/minecraft/net/minecraft/command/CommandRepopulate.java:105: error: cannot find symbol
03:58:21 -         Long2ObjectHashMap<WorldChunk> hashMap = ((ServerChunkCacheAccessor) chunkSource).getChunksByPos();
03:58:21 -                            ^
03:58:21 - 
03:58:21 -   symbol:   class WorldChunk
03:58:21 -   location: class CommandRepopulate
03:58:21 - src/minecraft/net/minecraft/command/CommandRepopulate.java:105: error: cannot find symbol
03:58:21 -         Long2ObjectHashMap<WorldChunk> hashMap = ((ServerChunkCacheAccessor) chunkSource).getChunksByPos();
03:58:21 -                                                    ^
03:58:21 - 
03:58:21 -   symbol:   class ServerChunkCacheAccessor
03:58:21 -   location: class CommandRepopulate
03:58:21 - src/minecraft/net/minecraft/command/CommandRepopulate.java:106: error: cannot find symbol
03:58:21 -         return hashMap.contains(ChunkPos.toLong(chunkX, chunkZ))
03:58:21 -                                 ^
03:58:21 - 
03:58:21 -   symbol:   variable ChunkPos
03:58:21 -   location: class CommandRepopulate
03:58:21 - src/minecraft/net/minecraft/command/CommandRepopulate.java:107: error: cannot find symbol
03:58:21 -                 && hashMap.contains(ChunkPos.toLong(chunkX + 1, chunkZ))
03:58:21 -                                     ^
03:58:21 - 
03:58:21 -   symbol:   variable ChunkPos
03:58:21 -   location: class CommandRepopulate
03:58:21 - src/minecraft/net/minecraft/command/CommandRepopulate.java:108: error: cannot find symbol
03:58:21 -                 && hashMap.contains(ChunkPos.toLong(chunkX, chunkZ + 1))
03:58:21 -                                     ^
03:58:21 - 
03:58:21 -   symbol:   variable ChunkPos
03:58:21 -   location: class CommandRepopulate
03:58:21 - src/minecraft/net/minecraft/command/CommandRepopulate.java:109: error: cannot find symbol
03:58:21 -                 && hashMap.contains(ChunkPos.toLong(chunkX + 1, chunkZ + 1));
03:58:21 -                                     ^
03:58:21 - 
03:58:21 -   symbol:   variable ChunkPos
03:58:21 -   location: class CommandRepopulate
03:58:21 - src/minecraft/net/minecraft/command/CommandRepopulate.java:112: error: method does not override or implement a method from a supertype
03:58:21 -     @Override
03:58:21 -     ^
03:58:21 - 
03:58:21 - src/minecraft/net/minecraft/command/CommandRepopulate.java:115: error: cannot find symbol
03:58:21 -             return suggestChunkCoordinate(args, 0, source.getSourceBlockPos());
03:58:21 -                                                          ^
03:58:21 - 
03:58:21 -   symbol:   method getSourceBlockPos()
03:58:21 -   location: variable source of type CommandBase
03:58:21 - 46 errors
03:58:21 - ==================
03:58:21 - 
03:58:21 - !! Can not find server sources, try decompiling !!
03:59:33 - '"javac" -Xlint:-options -deprecation -g -source 1.6 -target 1.6 -classpath "jars/versions/1.8.8/1.8.8.jar:lib:lib/*:jars/libraries/net/java/jinput/jinput/2.0.5/jinput-2.0.5.jar:jars/libraries/org/lwjgl/lwjgl/lwjgl-platform/2.9.4-nightly-20150209/lwjgl-platform-2.9.4-nightly-20150209-natives-linux.jar:jars/libraries/com/ibm/icu/icu4j-core-mojang/51.2/icu4j-core-mojang-51.2.jar:jars/libraries/org/apache/httpcomponents/httpcore/4.3.2/httpcore-4.3.2.jar:jars/libraries/org/apache/logging/log4j/log4j-api/2.0-beta9/log4j-api-2.0-beta9.jar:jars/libraries/org/apache/commons/commons-lang3/3.3.2/commons-lang3-3.3.2.jar:jars/libraries/net/java/dev/jna/jna/3.4.0/jna-3.4.0.jar:jars/libraries/com/paulscode/libraryjavasound/20101123/libraryjavasound-20101123.jar:jars/libraries/net/sf/jopt-simple/jopt-simple/4.6/jopt-simple-4.6.jar:jars/libraries/com/google/guava/guava/17.0/guava-17.0.jar:jars/libraries/oshi-project/oshi-core/1.1/oshi-core-1.1.jar:jars/libraries/org/apache/httpcomponents/httpclient/4.3.3/httpclient-4.3.3.jar:jars/libraries/org/apache/commons/commons-compress/1.8.1/commons-compress-1.8.1.jar:jars/libraries/net/java/dev/jna/platform/3.4.0/platform-3.4.0.jar:jars/libraries/com/paulscode/codecjorbis/20101023/codecjorbis-20101023.jar:jars/libraries/com/paulscode/soundsystem/20120107/soundsystem-20120107.jar:jars/libraries/com/paulscode/librarylwjglopenal/20100824/librarylwjglopenal-20100824.jar:jars/libraries/org/lwjgl/lwjgl/lwjgl_util/2.9.4-nightly-20150209/lwjgl_util-2.9.4-nightly-20150209.jar:jars/libraries/commons-codec/commons-codec/1.9/commons-codec-1.9.jar:jars/libraries/net/java/jutils/jutils/1.0.0/jutils-1.0.0.jar:jars/libraries/commons-logging/commons-logging/1.1.3/commons-logging-1.1.3.jar:jars/libraries/org/lwjgl/lwjgl/lwjgl/2.9.4-nightly-20150209/lwjgl-2.9.4-nightly-20150209.jar:jars/libraries/commons-io/commons-io/2.4/commons-io-2.4.jar:jars/libraries/com/mojang/realms/1.7.39/realms-1.7.39.jar:jars/libraries/com/mojang/authlib/1.5.21/authlib-1.5.21.jar:jars/libraries/com/google/code/gson/gson/2.2.4/gson-2.2.4.jar:jars/libraries/com/mojang/netty/1.8.8/netty-1.8.8.jar:jars/libraries/tv/twitch/twitch/6.5/twitch-6.5.jar:jars/libraries/com/paulscode/codecwav/20101023/codecwav-20101023.jar:jars/libraries/net/java/jinput/jinput-platform/2.0.5/jinput-platform-2.0.5-natives-linux.jar:jars/libraries/org/apache/logging/log4j/log4j-core/2.0-beta9/log4j-core-2.0-beta9.jar:jars/libraries/io/netty/netty-all/4.0.23.Final/netty-all-4.0.23.Final.jar" -sourcepath src/minecraft -d bin/minecraft @temp/java_src_client.txt' failed : 1
03:59:33 - 
03:59:33 - == ERRORS FOUND in JAVA CODE ==
03:59:33 - 
03:59:33 - src/minecraft/net/minecraft/command/CommandRepopulate.java:3: error: cannot find symbol
03:59:33 - import net.minecraft.command.InvalidNumberException;
03:59:33 -                             ^
03:59:33 - 
03:59:33 -   symbol:   class InvalidNumberException
03:59:33 -   location: package net.minecraft.command
03:59:33 - src/minecraft/net/minecraft/command/CommandRepopulate.java:4: error: package net.minecraft.command.source does not exist
03:59:33 - import net.minecraft.command.source.CommandBase;
03:59:33 -                                    ^
03:59:33 - 
03:59:33 - src/minecraft/net/minecraft/command/CommandRepopulate.java:5: error: cannot find symbol
03:59:33 - import net.minecraft.world.chunk.ServerChunkCache;
03:59:33 -                                 ^
03:59:33 - 
03:59:33 -   symbol:   class ServerChunkCache
03:59:33 -   location: package net.minecraft.world.chunk
03:59:33 - src/minecraft/net/minecraft/command/CommandRepopulate.java:6: error: package net.minecraft.text does not exist
03:59:33 - import net.minecraft.text.LiteralText;
03:59:33 -                          ^
03:59:33 - 
03:59:33 - src/minecraft/net/minecraft/command/CommandRepopulate.java:8: error: cannot find symbol
03:59:33 - import net.minecraft.util.Long2ObjectHashMap;
03:59:33 -                          ^
03:59:33 - 
03:59:33 -   symbol:   class Long2ObjectHashMap
03:59:33 -   location: package net.minecraft.util
03:59:33 - src/minecraft/net/minecraft/command/CommandRepopulate.java:9: error: package net.minecraft.util.math does not exist
03:59:33 - import net.minecraft.util.math.BlockPos;
03:59:33 -                               ^
03:59:33 - 
03:59:33 - src/minecraft/net/minecraft/command/CommandRepopulate.java:10: error: package net.minecraft.util.math does not exist
03:59:33 - import net.minecraft.util.math.ChunkPos;
03:59:33 -                               ^
03:59:33 - 
03:59:33 - src/minecraft/net/minecraft/command/CommandRepopulate.java:12: error: cannot find symbol
03:59:33 - import net.minecraft.world.chunk.ChunkSource;
03:59:33 -                                 ^
03:59:33 - 
03:59:33 -   symbol:   class ChunkSource
03:59:33 -   location: package net.minecraft.world.chunk
03:59:33 - src/minecraft/net/minecraft/command/CommandRepopulate.java:13: error: cannot find symbol
03:59:33 - import net.minecraft.world.chunk.WorldChunk;
03:59:33 -                                 ^
03:59:33 - 
03:59:33 -   symbol:   class WorldChunk
03:59:33 -   location: package net.minecraft.world.chunk
03:59:33 - src/minecraft/net/custom/mixin/ServerChunkCacheAccessor.java:11: error: duplicate class: net.rpm0618.rug.mixin.accessors.ServerChunkCacheAccessor
03:59:33 - public interface ServerChunkCacheAccessor {
03:59:33 -        ^
03:59:33 - 
03:59:33 - src/minecraft/net/minecraft/command/CommandRepopulate.java:14: error: cannot access ServerChunkCacheAccessor
03:59:33 - import net.custom.mixin.ServerChunkCacheAccessor;
03:59:33 -                        ^
03:59:33 - 
03:59:33 -   bad source file: src/minecraft/net/custom/mixin/ServerChunkCacheAccessor.java
03:59:33 -     file does not contain class net.custom.mixin.ServerChunkCacheAccessor
03:59:33 -     Please remove or make sure it appears in the correct subdirectory of the sourcepath.
03:59:33 - ==================
03:59:33 - 
03:59:33 - !! Can not find server sources, try decompiling !!
04:00:51 - '"javac" -Xlint:-options -deprecation -g -source 1.6 -target 1.6 -classpath "jars/versions/1.8.8/1.8.8.jar:lib:lib/*:jars/libraries/net/java/jinput/jinput/2.0.5/jinput-2.0.5.jar:jars/libraries/org/lwjgl/lwjgl/lwjgl-platform/2.9.4-nightly-20150209/lwjgl-platform-2.9.4-nightly-20150209-natives-linux.jar:jars/libraries/com/ibm/icu/icu4j-core-mojang/51.2/icu4j-core-mojang-51.2.jar:jars/libraries/org/apache/httpcomponents/httpcore/4.3.2/httpcore-4.3.2.jar:jars/libraries/org/apache/logging/log4j/log4j-api/2.0-beta9/log4j-api-2.0-beta9.jar:jars/libraries/org/apache/commons/commons-lang3/3.3.2/commons-lang3-3.3.2.jar:jars/libraries/net/java/dev/jna/jna/3.4.0/jna-3.4.0.jar:jars/libraries/com/paulscode/libraryjavasound/20101123/libraryjavasound-20101123.jar:jars/libraries/net/sf/jopt-simple/jopt-simple/4.6/jopt-simple-4.6.jar:jars/libraries/com/google/guava/guava/17.0/guava-17.0.jar:jars/libraries/oshi-project/oshi-core/1.1/oshi-core-1.1.jar:jars/libraries/org/apache/httpcomponents/httpclient/4.3.3/httpclient-4.3.3.jar:jars/libraries/org/apache/commons/commons-compress/1.8.1/commons-compress-1.8.1.jar:jars/libraries/net/java/dev/jna/platform/3.4.0/platform-3.4.0.jar:jars/libraries/com/paulscode/codecjorbis/20101023/codecjorbis-20101023.jar:jars/libraries/com/paulscode/soundsystem/20120107/soundsystem-20120107.jar:jars/libraries/com/paulscode/librarylwjglopenal/20100824/librarylwjglopenal-20100824.jar:jars/libraries/org/lwjgl/lwjgl/lwjgl_util/2.9.4-nightly-20150209/lwjgl_util-2.9.4-nightly-20150209.jar:jars/libraries/commons-codec/commons-codec/1.9/commons-codec-1.9.jar:jars/libraries/net/java/jutils/jutils/1.0.0/jutils-1.0.0.jar:jars/libraries/commons-logging/commons-logging/1.1.3/commons-logging-1.1.3.jar:jars/libraries/org/lwjgl/lwjgl/lwjgl/2.9.4-nightly-20150209/lwjgl-2.9.4-nightly-20150209.jar:jars/libraries/commons-io/commons-io/2.4/commons-io-2.4.jar:jars/libraries/com/mojang/realms/1.7.39/realms-1.7.39.jar:jars/libraries/com/mojang/authlib/1.5.21/authlib-1.5.21.jar:jars/libraries/com/google/code/gson/gson/2.2.4/gson-2.2.4.jar:jars/libraries/com/mojang/netty/1.8.8/netty-1.8.8.jar:jars/libraries/tv/twitch/twitch/6.5/twitch-6.5.jar:jars/libraries/com/paulscode/codecwav/20101023/codecwav-20101023.jar:jars/libraries/net/java/jinput/jinput-platform/2.0.5/jinput-platform-2.0.5-natives-linux.jar:jars/libraries/org/apache/logging/log4j/log4j-core/2.0-beta9/log4j-core-2.0-beta9.jar:jars/libraries/io/netty/netty-all/4.0.23.Final/netty-all-4.0.23.Final.jar" -sourcepath src/minecraft -d bin/minecraft @temp/java_src_client.txt' failed : 1
04:00:51 - 
04:00:51 - == ERRORS FOUND in JAVA CODE ==
04:00:51 - 
04:00:51 - src/minecraft/net/minecraft/command/CommandRepopulate.java:3: error: cannot find symbol
04:00:51 - import net.minecraft.command.InvalidNumberException;
04:00:51 -                             ^
04:00:51 - 
04:00:51 -   symbol:   class InvalidNumberException
04:00:51 -   location: package net.minecraft.command
04:00:51 - src/minecraft/net/minecraft/command/CommandRepopulate.java:4: error: package net.minecraft.command.source does not exist
04:00:51 - import net.minecraft.command.source.CommandBase;
04:00:51 -                                    ^
04:00:51 - 
04:00:51 - src/minecraft/net/minecraft/command/CommandRepopulate.java:5: error: cannot find symbol
04:00:51 - import net.minecraft.world.chunk.ServerChunkCache;
04:00:51 -                                 ^
04:00:51 - 
04:00:51 -   symbol:   class ServerChunkCache
04:00:51 -   location: package net.minecraft.world.chunk
04:00:51 - src/minecraft/net/minecraft/command/CommandRepopulate.java:6: error: package net.minecraft.text does not exist
04:00:51 - import net.minecraft.text.LiteralText;
04:00:51 -                          ^
04:00:51 - 
04:00:51 - src/minecraft/net/minecraft/command/CommandRepopulate.java:8: error: cannot find symbol
04:00:51 - import net.minecraft.util.Long2ObjectHashMap;
04:00:51 -                          ^
04:00:51 - 
04:00:51 -   symbol:   class Long2ObjectHashMap
04:00:51 -   location: package net.minecraft.util
04:00:51 - src/minecraft/net/minecraft/command/CommandRepopulate.java:9: error: package net.minecraft.util.math does not exist
04:00:51 - import net.minecraft.util.math.BlockPos;
04:00:51 -                               ^
04:00:51 - 
04:00:51 - src/minecraft/net/minecraft/command/CommandRepopulate.java:10: error: package net.minecraft.util.math does not exist
04:00:51 - import net.minecraft.util.math.ChunkPos;
04:00:51 -                               ^
04:00:51 - 
04:00:51 - src/minecraft/net/minecraft/command/CommandRepopulate.java:12: error: cannot find symbol
04:00:51 - import net.minecraft.world.chunk.ChunkSource;
04:00:51 -                                 ^
04:00:51 - 
04:00:51 -   symbol:   class ChunkSource
04:00:51 -   location: package net.minecraft.world.chunk
04:00:51 - src/minecraft/net/minecraft/command/CommandRepopulate.java:13: error: cannot find symbol
04:00:51 - import net.minecraft.world.chunk.WorldChunk;
04:00:51 -                                 ^
04:00:51 - 
04:00:51 -   symbol:   class WorldChunk
04:00:51 -   location: package net.minecraft.world.chunk
04:00:51 - src/minecraft/net/minecraft/command/CommandRepopulate.java:18: error: package net.minecraft.server.command does not exist
04:00:51 - public class CommandRepopulate extends net.minecraft.server.command.AbstractCommand {
04:00:51 -                                                                    ^
04:00:51 - 
04:00:51 - src/minecraft/net/minecraft/command/CommandRepopulate.java:112: error: cannot find symbol
04:00:51 -     public List<String> getSuggestions(CommandBase source, String[] args, BlockPos pos) {
04:00:51 -                                                                           ^
04:00:51 - 
04:00:51 -   symbol:   class BlockPos
04:00:51 -   location: class CommandRepopulate
04:00:51 - src/minecraft/net/minecraft/command/CommandRepopulate.java:122: error: cannot find symbol
04:00:51 -     private static List<String> suggestChunkCoordinate(String[] args, int start, BlockPos pos) {
04:00:51 -                                                                                  ^
04:00:51 - 
04:00:51 -   symbol:   class BlockPos
04:00:51 -   location: class CommandRepopulate
04:00:51 - src/minecraft/net/custom/RepopulateCommand.java:4: error: cannot find symbol
04:00:51 - import net.minecraft.command.InvalidNumberException;
04:00:51 -                             ^
04:00:51 - 
04:00:51 -   symbol:   class InvalidNumberException
04:00:51 -   location: package net.minecraft.command
04:00:51 - src/minecraft/net/custom/RepopulateCommand.java:5: error: package net.minecraft.command.source does not exist
04:00:51 - import net.minecraft.command.source.CommandBase;
04:00:51 -                                    ^
04:00:51 - 
04:00:51 - src/minecraft/net/custom/RepopulateCommand.java:6: error: cannot find symbol
04:00:51 - import net.minecraft.world.chunk.ServerChunkCache;
04:00:51 -                                 ^
04:00:51 - 
04:00:51 -   symbol:   class ServerChunkCache
04:00:51 -   location: package net.minecraft.world.chunk
04:00:51 - src/minecraft/net/custom/RepopulateCommand.java:7: error: package net.minecraft.text does not exist
04:00:51 - import net.minecraft.text.LiteralText;
04:00:51 -                          ^
04:00:51 - 
04:00:51 - src/minecraft/net/custom/RepopulateCommand.java:9: error: cannot find symbol
04:00:51 - import net.minecraft.util.Long2ObjectHashMap;
04:00:51 -                          ^
04:00:51 - 
04:00:51 -   symbol:   class Long2ObjectHashMap
04:00:51 -   location: package net.minecraft.util
04:00:51 - src/minecraft/net/custom/RepopulateCommand.java:10: error: package net.minecraft.util.math does not exist
04:00:51 - import net.minecraft.util.math.BlockPos;
04:00:51 -                               ^
04:00:51 - 
04:00:51 - src/minecraft/net/custom/RepopulateCommand.java:11: error: package net.minecraft.util.math does not exist
04:00:51 - import net.minecraft.util.math.ChunkPos;
04:00:51 -                               ^
04:00:51 - 
04:00:51 - src/minecraft/net/custom/RepopulateCommand.java:13: error: cannot find symbol
04:00:51 - import net.minecraft.world.chunk.ChunkSource;
04:00:51 -                                 ^
04:00:51 - 
04:00:51 -   symbol:   class ChunkSource
04:00:51 -   location: package net.minecraft.world.chunk
04:00:51 - src/minecraft/net/custom/RepopulateCommand.java:14: error: cannot find symbol
04:00:51 - import net.minecraft.world.chunk.WorldChunk;
04:00:51 -                                 ^
04:00:51 - 
04:00:51 -   symbol:   class WorldChunk
04:00:51 -   location: package net.minecraft.world.chunk
04:00:51 - src/minecraft/net/custom/mixin/ServerChunkCacheAccessor.java:11: error: duplicate class: net.rpm0618.rug.mixin.accessors.ServerChunkCacheAccessor
04:00:51 - public interface ServerChunkCacheAccessor {
04:00:51 -        ^
04:00:51 - 
04:00:51 - src/minecraft/net/custom/RepopulateCommand.java:15: error: cannot access ServerChunkCacheAccessor
04:00:51 - import net.custom.mixin.ServerChunkCacheAccessor;
04:00:51 -                        ^
04:00:51 - 
04:00:51 -   bad source file: src/minecraft/net/custom/mixin/ServerChunkCacheAccessor.java
04:00:51 -     file does not contain class net.custom.mixin.ServerChunkCacheAccessor
04:00:51 -     Please remove or make sure it appears in the correct subdirectory of the sourcepath.
04:00:51 - ==================
04:00:51 - 
04:00:51 - !! Can not find server sources, try decompiling !!
04:01:29 - '"javac" -Xlint:-options -deprecation -g -source 1.6 -target 1.6 -classpath "jars/versions/1.8.8/1.8.8.jar:lib:lib/*:jars/libraries/net/java/jinput/jinput/2.0.5/jinput-2.0.5.jar:jars/libraries/org/lwjgl/lwjgl/lwjgl-platform/2.9.4-nightly-20150209/lwjgl-platform-2.9.4-nightly-20150209-natives-linux.jar:jars/libraries/com/ibm/icu/icu4j-core-mojang/51.2/icu4j-core-mojang-51.2.jar:jars/libraries/org/apache/httpcomponents/httpcore/4.3.2/httpcore-4.3.2.jar:jars/libraries/org/apache/logging/log4j/log4j-api/2.0-beta9/log4j-api-2.0-beta9.jar:jars/libraries/org/apache/commons/commons-lang3/3.3.2/commons-lang3-3.3.2.jar:jars/libraries/net/java/dev/jna/jna/3.4.0/jna-3.4.0.jar:jars/libraries/com/paulscode/libraryjavasound/20101123/libraryjavasound-20101123.jar:jars/libraries/net/sf/jopt-simple/jopt-simple/4.6/jopt-simple-4.6.jar:jars/libraries/com/google/guava/guava/17.0/guava-17.0.jar:jars/libraries/oshi-project/oshi-core/1.1/oshi-core-1.1.jar:jars/libraries/org/apache/httpcomponents/httpclient/4.3.3/httpclient-4.3.3.jar:jars/libraries/org/apache/commons/commons-compress/1.8.1/commons-compress-1.8.1.jar:jars/libraries/net/java/dev/jna/platform/3.4.0/platform-3.4.0.jar:jars/libraries/com/paulscode/codecjorbis/20101023/codecjorbis-20101023.jar:jars/libraries/com/paulscode/soundsystem/20120107/soundsystem-20120107.jar:jars/libraries/com/paulscode/librarylwjglopenal/20100824/librarylwjglopenal-20100824.jar:jars/libraries/org/lwjgl/lwjgl/lwjgl_util/2.9.4-nightly-20150209/lwjgl_util-2.9.4-nightly-20150209.jar:jars/libraries/commons-codec/commons-codec/1.9/commons-codec-1.9.jar:jars/libraries/net/java/jutils/jutils/1.0.0/jutils-1.0.0.jar:jars/libraries/commons-logging/commons-logging/1.1.3/commons-logging-1.1.3.jar:jars/libraries/org/lwjgl/lwjgl/lwjgl/2.9.4-nightly-20150209/lwjgl-2.9.4-nightly-20150209.jar:jars/libraries/commons-io/commons-io/2.4/commons-io-2.4.jar:jars/libraries/com/mojang/realms/1.7.39/realms-1.7.39.jar:jars/libraries/com/mojang/authlib/1.5.21/authlib-1.5.21.jar:jars/libraries/com/google/code/gson/gson/2.2.4/gson-2.2.4.jar:jars/libraries/com/mojang/netty/1.8.8/netty-1.8.8.jar:jars/libraries/tv/twitch/twitch/6.5/twitch-6.5.jar:jars/libraries/com/paulscode/codecwav/20101023/codecwav-20101023.jar:jars/libraries/net/java/jinput/jinput-platform/2.0.5/jinput-platform-2.0.5-natives-linux.jar:jars/libraries/org/apache/logging/log4j/log4j-core/2.0-beta9/log4j-core-2.0-beta9.jar:jars/libraries/io/netty/netty-all/4.0.23.Final/netty-all-4.0.23.Final.jar" -sourcepath src/minecraft -d bin/minecraft @temp/java_src_client.txt' failed : 1
04:01:29 - 
04:01:29 - == ERRORS FOUND in JAVA CODE ==
04:01:29 - 
04:01:29 - src/minecraft/net/minecraft/command/CommandRepopulate.java:3: error: cannot find symbol
04:01:29 - import net.minecraft.command.InvalidNumberException;
04:01:29 -                             ^
04:01:29 - 
04:01:29 -   symbol:   class InvalidNumberException
04:01:29 -   location: package net.minecraft.command
04:01:29 - src/minecraft/net/minecraft/command/CommandRepopulate.java:4: error: package net.minecraft.command.source does not exist
04:01:29 - import net.minecraft.command.source.CommandBase;
04:01:29 -                                    ^
04:01:29 - 
04:01:29 - src/minecraft/net/minecraft/command/CommandRepopulate.java:5: error: cannot find symbol
04:01:29 - import net.minecraft.world.chunk.ServerChunkCache;
04:01:29 -                                 ^
04:01:29 - 
04:01:29 -   symbol:   class ServerChunkCache
04:01:29 -   location: package net.minecraft.world.chunk
04:01:29 - src/minecraft/net/minecraft/command/CommandRepopulate.java:6: error: package net.minecraft.text does not exist
04:01:29 - import net.minecraft.text.LiteralText;
04:01:29 -                          ^
04:01:29 - 
04:01:29 - src/minecraft/net/minecraft/command/CommandRepopulate.java:8: error: cannot find symbol
04:01:29 - import net.minecraft.util.Long2ObjectHashMap;
04:01:29 -                          ^
04:01:29 - 
04:01:29 -   symbol:   class Long2ObjectHashMap
04:01:29 -   location: package net.minecraft.util
04:01:29 - src/minecraft/net/minecraft/command/CommandRepopulate.java:9: error: package net.minecraft.util.math does not exist
04:01:29 - import net.minecraft.util.math.BlockPos;
04:01:29 -                               ^
04:01:29 - 
04:01:29 - src/minecraft/net/minecraft/command/CommandRepopulate.java:10: error: package net.minecraft.util.math does not exist
04:01:29 - import net.minecraft.util.math.ChunkPos;
04:01:29 -                               ^
04:01:29 - 
04:01:29 - src/minecraft/net/minecraft/command/CommandRepopulate.java:12: error: cannot find symbol
04:01:29 - import net.minecraft.world.chunk.ChunkSource;
04:01:29 -                                 ^
04:01:29 - 
04:01:29 -   symbol:   class ChunkSource
04:01:29 -   location: package net.minecraft.world.chunk
04:01:29 - src/minecraft/net/minecraft/command/CommandRepopulate.java:13: error: cannot find symbol
04:01:29 - import net.minecraft.world.chunk.WorldChunk;
04:01:29 -                                 ^
04:01:29 - 
04:01:29 -   symbol:   class WorldChunk
04:01:29 -   location: package net.minecraft.world.chunk
04:01:29 - src/minecraft/net/minecraft/command/CommandRepopulate.java:18: error: package net.minecraft.server.command does not exist
04:01:29 - public class CommandRepopulate extends net.minecraft.server.command.AbstractCommand {
04:01:29 -                                                                    ^
04:01:29 - 
04:01:29 - src/minecraft/net/minecraft/command/CommandRepopulate.java:112: error: cannot find symbol
04:01:29 -     public List<String> getSuggestions(CommandBase source, String[] args, BlockPos pos) {
04:01:29 -                                                                           ^
04:01:29 - 
04:01:29 -   symbol:   class BlockPos
04:01:29 -   location: class CommandRepopulate
04:01:29 - src/minecraft/net/minecraft/command/CommandRepopulate.java:122: error: cannot find symbol
04:01:29 -     private static List<String> suggestChunkCoordinate(String[] args, int start, BlockPos pos) {
04:01:29 -                                                                                  ^
04:01:29 - 
04:01:29 -   symbol:   class BlockPos
04:01:29 -   location: class CommandRepopulate
04:01:29 - src/minecraft/net/custom/RepopulateCommand.java:4: error: cannot find symbol
04:01:29 - import net.minecraft.command.InvalidNumberException;
04:01:29 -                             ^
04:01:29 - 
04:01:29 -   symbol:   class InvalidNumberException
04:01:29 -   location: package net.minecraft.command
04:01:29 - src/minecraft/net/custom/RepopulateCommand.java:5: error: package net.minecraft.command.source does not exist
04:01:29 - import net.minecraft.command.source.CommandBase;
04:01:29 -                                    ^
04:01:29 - 
04:01:29 - src/minecraft/net/custom/RepopulateCommand.java:6: error: cannot find symbol
04:01:29 - import net.minecraft.world.chunk.ServerChunkCache;
04:01:29 -                                 ^
04:01:29 - 
04:01:29 -   symbol:   class ServerChunkCache
04:01:29 -   location: package net.minecraft.world.chunk
04:01:29 - src/minecraft/net/custom/RepopulateCommand.java:7: error: package net.minecraft.text does not exist
04:01:29 - import net.minecraft.text.LiteralText;
04:01:29 -                          ^
04:01:29 - 
04:01:29 - src/minecraft/net/custom/RepopulateCommand.java:9: error: cannot find symbol
04:01:29 - import net.minecraft.util.Long2ObjectHashMap;
04:01:29 -                          ^
04:01:29 - 
04:01:29 -   symbol:   class Long2ObjectHashMap
04:01:29 -   location: package net.minecraft.util
04:01:29 - src/minecraft/net/custom/RepopulateCommand.java:10: error: package net.minecraft.util.math does not exist
04:01:29 - import net.minecraft.util.math.BlockPos;
04:01:29 -                               ^
04:01:29 - 
04:01:29 - src/minecraft/net/custom/RepopulateCommand.java:11: error: package net.minecraft.util.math does not exist
04:01:29 - import net.minecraft.util.math.ChunkPos;
04:01:29 -                               ^
04:01:29 - 
04:01:29 - src/minecraft/net/custom/RepopulateCommand.java:13: error: cannot find symbol
04:01:29 - import net.minecraft.world.chunk.ChunkSource;
04:01:29 -                                 ^
04:01:29 - 
04:01:29 -   symbol:   class ChunkSource
04:01:29 -   location: package net.minecraft.world.chunk
04:01:29 - src/minecraft/net/custom/RepopulateCommand.java:14: error: cannot find symbol
04:01:29 - import net.minecraft.world.chunk.WorldChunk;
04:01:29 -                                 ^
04:01:29 - 
04:01:29 -   symbol:   class WorldChunk
04:01:29 -   location: package net.minecraft.world.chunk
04:01:29 - src/minecraft/net/custom/mixin/ServerChunkCacheAccessor.java:11: error: duplicate class: net.rpm0618.rug.mixin.accessors.ServerChunkCacheAccessor
04:01:29 - public interface ServerChunkCacheAccessor {
04:01:29 -        ^
04:01:29 - 
04:01:29 - src/minecraft/net/custom/RepopulateCommand.java:15: error: cannot access ServerChunkCacheAccessor
04:01:29 - import net.custom.mixin.ServerChunkCacheAccessor;
04:01:29 -                        ^
04:01:29 - 
04:01:29 -   bad source file: src/minecraft/net/custom/mixin/ServerChunkCacheAccessor.java
04:01:29 -     file does not contain class net.custom.mixin.ServerChunkCacheAccessor
04:01:29 -     Please remove or make sure it appears in the correct subdirectory of the sourcepath.
04:01:29 - ==================
04:01:29 - 
04:01:29 - !! Can not find server sources, try decompiling !!
04:01:54 - '"javac" -Xlint:-options -deprecation -g -source 1.6 -target 1.6 -classpath "jars/versions/1.8.8/1.8.8.jar:lib:lib/*:jars/libraries/net/java/jinput/jinput/2.0.5/jinput-2.0.5.jar:jars/libraries/org/lwjgl/lwjgl/lwjgl-platform/2.9.4-nightly-20150209/lwjgl-platform-2.9.4-nightly-20150209-natives-linux.jar:jars/libraries/com/ibm/icu/icu4j-core-mojang/51.2/icu4j-core-mojang-51.2.jar:jars/libraries/org/apache/httpcomponents/httpcore/4.3.2/httpcore-4.3.2.jar:jars/libraries/org/apache/logging/log4j/log4j-api/2.0-beta9/log4j-api-2.0-beta9.jar:jars/libraries/org/apache/commons/commons-lang3/3.3.2/commons-lang3-3.3.2.jar:jars/libraries/net/java/dev/jna/jna/3.4.0/jna-3.4.0.jar:jars/libraries/com/paulscode/libraryjavasound/20101123/libraryjavasound-20101123.jar:jars/libraries/net/sf/jopt-simple/jopt-simple/4.6/jopt-simple-4.6.jar:jars/libraries/com/google/guava/guava/17.0/guava-17.0.jar:jars/libraries/oshi-project/oshi-core/1.1/oshi-core-1.1.jar:jars/libraries/org/apache/httpcomponents/httpclient/4.3.3/httpclient-4.3.3.jar:jars/libraries/org/apache/commons/commons-compress/1.8.1/commons-compress-1.8.1.jar:jars/libraries/net/java/dev/jna/platform/3.4.0/platform-3.4.0.jar:jars/libraries/com/paulscode/codecjorbis/20101023/codecjorbis-20101023.jar:jars/libraries/com/paulscode/soundsystem/20120107/soundsystem-20120107.jar:jars/libraries/com/paulscode/librarylwjglopenal/20100824/librarylwjglopenal-20100824.jar:jars/libraries/org/lwjgl/lwjgl/lwjgl_util/2.9.4-nightly-20150209/lwjgl_util-2.9.4-nightly-20150209.jar:jars/libraries/commons-codec/commons-codec/1.9/commons-codec-1.9.jar:jars/libraries/net/java/jutils/jutils/1.0.0/jutils-1.0.0.jar:jars/libraries/commons-logging/commons-logging/1.1.3/commons-logging-1.1.3.jar:jars/libraries/org/lwjgl/lwjgl/lwjgl/2.9.4-nightly-20150209/lwjgl-2.9.4-nightly-20150209.jar:jars/libraries/commons-io/commons-io/2.4/commons-io-2.4.jar:jars/libraries/com/mojang/realms/1.7.39/realms-1.7.39.jar:jars/libraries/com/mojang/authlib/1.5.21/authlib-1.5.21.jar:jars/libraries/com/google/code/gson/gson/2.2.4/gson-2.2.4.jar:jars/libraries/com/mojang/netty/1.8.8/netty-1.8.8.jar:jars/libraries/tv/twitch/twitch/6.5/twitch-6.5.jar:jars/libraries/com/paulscode/codecwav/20101023/codecwav-20101023.jar:jars/libraries/net/java/jinput/jinput-platform/2.0.5/jinput-platform-2.0.5-natives-linux.jar:jars/libraries/org/apache/logging/log4j/log4j-core/2.0-beta9/log4j-core-2.0-beta9.jar:jars/libraries/io/netty/netty-all/4.0.23.Final/netty-all-4.0.23.Final.jar" -sourcepath src/minecraft -d bin/minecraft @temp/java_src_client.txt' failed : 1
04:01:54 - 
04:01:54 - == ERRORS FOUND in JAVA CODE ==
04:01:54 - 
04:01:54 - src/minecraft/net/minecraft/command/CommandRepopulate.java:3: error: cannot find symbol
04:01:54 - import net.minecraft.command.InvalidNumberException;
04:01:54 -                             ^
04:01:54 - 
04:01:54 -   symbol:   class InvalidNumberException
04:01:54 -   location: package net.minecraft.command
04:01:54 - src/minecraft/net/minecraft/command/CommandRepopulate.java:4: error: package net.minecraft.command.source does not exist
04:01:54 - import net.minecraft.command.source.CommandBase;
04:01:54 -                                    ^
04:01:54 - 
04:01:54 - src/minecraft/net/minecraft/command/CommandRepopulate.java:5: error: cannot find symbol
04:01:54 - import net.minecraft.world.chunk.ServerChunkCache;
04:01:54 -                                 ^
04:01:54 - 
04:01:54 -   symbol:   class ServerChunkCache
04:01:54 -   location: package net.minecraft.world.chunk
04:01:54 - src/minecraft/net/minecraft/command/CommandRepopulate.java:6: error: package net.minecraft.text does not exist
04:01:54 - import net.minecraft.text.LiteralText;
04:01:54 -                          ^
04:01:54 - 
04:01:54 - src/minecraft/net/minecraft/command/CommandRepopulate.java:8: error: cannot find symbol
04:01:54 - import net.minecraft.util.Long2ObjectHashMap;
04:01:54 -                          ^
04:01:54 - 
04:01:54 -   symbol:   class Long2ObjectHashMap
04:01:54 -   location: package net.minecraft.util
04:01:54 - src/minecraft/net/minecraft/command/CommandRepopulate.java:9: error: package net.minecraft.util.math does not exist
04:01:54 - import net.minecraft.util.math.BlockPos;
04:01:54 -                               ^
04:01:54 - 
04:01:54 - src/minecraft/net/minecraft/command/CommandRepopulate.java:10: error: package net.minecraft.util.math does not exist
04:01:54 - import net.minecraft.util.math.ChunkPos;
04:01:54 -                               ^
04:01:54 - 
04:01:54 - src/minecraft/net/minecraft/command/CommandRepopulate.java:12: error: cannot find symbol
04:01:54 - import net.minecraft.world.chunk.ChunkSource;
04:01:54 -                                 ^
04:01:54 - 
04:01:54 -   symbol:   class ChunkSource
04:01:54 -   location: package net.minecraft.world.chunk
04:01:54 - src/minecraft/net/minecraft/command/CommandRepopulate.java:13: error: cannot find symbol
04:01:54 - import net.minecraft.world.chunk.WorldChunk;
04:01:54 -                                 ^
04:01:54 - 
04:01:54 -   symbol:   class WorldChunk
04:01:54 -   location: package net.minecraft.world.chunk
04:01:54 - src/minecraft/net/minecraft/command/CommandRepopulate.java:18: error: package net.minecraft.server.command does not exist
04:01:54 - public class CommandRepopulate extends net.minecraft.server.command.AbstractCommand {
04:01:54 -                                                                    ^
04:01:54 - 
04:01:54 - src/minecraft/net/minecraft/command/CommandRepopulate.java:112: error: cannot find symbol
04:01:54 -     public List<String> getSuggestions(CommandBase source, String[] args, BlockPos pos) {
04:01:54 -                                                                           ^
04:01:54 - 
04:01:54 -   symbol:   class BlockPos
04:01:54 -   location: class CommandRepopulate
04:01:54 - src/minecraft/net/minecraft/command/CommandRepopulate.java:122: error: cannot find symbol
04:01:54 -     private static List<String> suggestChunkCoordinate(String[] args, int start, BlockPos pos) {
04:01:54 -                                                                                  ^
04:01:54 - 
04:01:54 -   symbol:   class BlockPos
04:01:54 -   location: class CommandRepopulate
04:01:54 - src/minecraft/net/minecraft/command/CommandRepopulate.java:19: error: method does not override or implement a method from a supertype
04:01:54 -     @Override
04:01:54 -     ^
04:01:54 - 
04:01:54 - src/minecraft/net/minecraft/command/CommandRepopulate.java:24: error: method does not override or implement a method from a supertype
04:01:54 -     @Override
04:01:54 -     ^
04:01:54 - 
04:01:54 - src/minecraft/net/minecraft/command/CommandRepopulate.java:29: error: method does not override or implement a method from a supertype
04:01:54 -     @Override
04:01:54 -     ^
04:01:54 - 
04:01:54 - src/minecraft/net/minecraft/command/CommandRepopulate.java:31: error: cannot find symbol
04:01:54 -         World world = source.getSourceWorld();
04:01:54 -                             ^
04:01:54 - 
04:01:54 -   symbol:   method getSourceWorld()
04:01:54 -   location: variable source of type CommandBase
04:01:54 - src/minecraft/net/minecraft/command/CommandRepopulate.java:32: error: cannot find symbol
04:01:54 -         BlockPos position = source.getSourceBlockPos();
04:01:54 -         ^
04:01:54 - 
04:01:54 -   symbol:   class BlockPos
04:01:54 -   location: class CommandRepopulate
04:01:54 - src/minecraft/net/minecraft/command/CommandRepopulate.java:32: error: cannot find symbol
04:01:54 -         BlockPos position = source.getSourceBlockPos();
04:01:54 -                                   ^
04:01:54 - 
04:01:54 -   symbol:   method getSourceBlockPos()
04:01:54 -   location: variable source of type CommandBase
04:01:54 - src/minecraft/net/minecraft/command/CommandRepopulate.java:40: error: cannot find symbol
04:01:54 -             source.sendMessage(new LiteralText(getUsage(source)));
04:01:54 -                                    ^
04:01:54 - 
04:01:54 -   symbol:   class LiteralText
04:01:54 -   location: class CommandRepopulate
04:01:54 - src/minecraft/net/minecraft/command/CommandRepopulate.java:46: error: cannot find symbol
04:01:54 -                 chunkX = (int) parseCoordinate(chunkX, args[0], false);
04:01:54 -                                ^
04:01:54 - 
04:01:54 -   symbol:   method parseCoordinate(int,String,boolean)
04:01:54 -   location: class CommandRepopulate
04:01:54 - src/minecraft/net/minecraft/command/CommandRepopulate.java:47: error: cannot find symbol
04:01:54 -                 chunkZ = (int) parseCoordinate(chunkZ, args[1], false);
04:01:54 -                                ^
04:01:54 - 
04:01:54 -   symbol:   method parseCoordinate(int,String,boolean)
04:01:54 -   location: class CommandRepopulate
04:01:54 - src/minecraft/net/minecraft/command/CommandRepopulate.java:48: error: cannot find symbol
04:01:54 -             } catch (InvalidNumberException e) {
04:01:54 -                      ^
04:01:54 - 
04:01:54 -   symbol:   class InvalidNumberException
04:01:54 -   location: class CommandRepopulate
04:01:54 - src/minecraft/net/minecraft/command/CommandRepopulate.java:49: error: cannot find symbol
04:01:54 -                 source.sendMessage(new LiteralText(getUsage(source)));
04:01:54 -                                        ^
04:01:54 - 
04:01:54 -   symbol:   class LiteralText
04:01:54 -   location: class CommandRepopulate
04:01:54 - src/minecraft/net/minecraft/command/CommandRepopulate.java:61: error: cannot find symbol
04:01:54 -                 source.sendMessage(new LiteralText(getUsage(source)));
04:01:54 -                                        ^
04:01:54 - 
04:01:54 -   symbol:   class LiteralText
04:01:54 -   location: class CommandRepopulate
04:01:54 - src/minecraft/net/minecraft/command/CommandRepopulate.java:68: error: cannot find symbol
04:01:54 -                 source.sendMessage(new LiteralText("Warning: Area not loaded for repopulation!"));
04:01:54 -                                        ^
04:01:54 - 
04:01:54 -   symbol:   class LiteralText
04:01:54 -   location: class CommandRepopulate
04:01:54 - src/minecraft/net/minecraft/command/CommandRepopulate.java:74: error: cannot find symbol
04:01:54 -                 HttpUtil.DOWNLOAD_THREAD_FACTORY.submit(new Runnable() {
04:01:54 -                         ^
04:01:54 - 
04:01:54 -   symbol:   variable DOWNLOAD_THREAD_FACTORY
04:01:54 -   location: class HttpUtil
04:01:54 - src/minecraft/net/minecraft/command/CommandRepopulate.java:89: error: cannot find symbol
04:01:54 -             WorldChunk chunk = world.getChunkAt(chunkX, chunkZ);
04:01:54 -             ^
04:01:54 - 
04:01:54 -   symbol:   class WorldChunk
04:01:54 -   location: class CommandRepopulate
04:01:54 - src/minecraft/net/minecraft/command/CommandRepopulate.java:89: error: cannot find symbol
04:01:54 -             WorldChunk chunk = world.getChunkAt(chunkX, chunkZ);
04:01:54 -                                     ^
04:01:54 - 
04:01:54 -   symbol:   method getChunkAt(int,int)
04:01:54 -   location: variable world of type World
04:01:54 - src/minecraft/net/minecraft/command/CommandRepopulate.java:95: error: cannot find symbol
04:01:54 -         ServerChunkCache chunkSource = (ServerChunkCache) world.getChunkSource();
04:01:54 -         ^
04:01:54 - 
04:01:54 -   symbol:   class ServerChunkCache
04:01:54 -   location: class CommandRepopulate
04:01:54 - src/minecraft/net/minecraft/command/CommandRepopulate.java:95: error: cannot find symbol
04:01:54 -         ServerChunkCache chunkSource = (ServerChunkCache) world.getChunkSource();
04:01:54 -                                         ^
04:01:54 - 
04:01:54 -   symbol:   class ServerChunkCache
04:01:54 -   location: class CommandRepopulate
04:01:54 - src/minecraft/net/minecraft/command/CommandRepopulate.java:95: error: cannot find symbol
04:01:54 -         ServerChunkCache chunkSource = (ServerChunkCache) world.getChunkSource();
04:01:54 -                                                                ^
04:01:54 - 
04:01:54 -   symbol:   method getChunkSource()
04:01:54 -   location: variable world of type World
04:01:54 - src/minecraft/net/minecraft/command/CommandRepopulate.java:96: error: cannot find symbol
04:01:54 -         ChunkSource generator = (ChunkSource) getField(chunkSource, "generator");
04:01:54 -         ^
04:01:54 - 
04:01:54 -   symbol:   class ChunkSource
04:01:54 -   location: class CommandRepopulate
04:01:54 - src/minecraft/net/minecraft/command/CommandRepopulate.java:96: error: cannot find symbol
04:01:54 -         ChunkSource generator = (ChunkSource) getField(chunkSource, "generator");
04:01:54 -                                  ^
04:01:54 - 
04:01:54 -   symbol:   class ChunkSource
04:01:54 -   location: class CommandRepopulate
04:01:54 - src/minecraft/net/minecraft/command/CommandRepopulate.java:97: error: cannot find symbol
04:01:54 -         WorldChunk chunk = chunkSource.getChunk(chunkX, chunkZ);
04:01:54 -         ^
04:01:54 - 
04:01:54 -   symbol:   class WorldChunk
04:01:54 -   location: class CommandRepopulate
04:01:54 - src/minecraft/net/minecraft/command/CommandRepopulate.java:103: error: cannot find symbol
04:01:54 -         ServerChunkCache chunkSource = (ServerChunkCache) world.getChunkSource();
04:01:54 -         ^
04:01:54 - 
04:01:54 -   symbol:   class ServerChunkCache
04:01:54 -   location: class CommandRepopulate
04:01:54 - src/minecraft/net/minecraft/command/CommandRepopulate.java:103: error: cannot find symbol
04:01:54 -         ServerChunkCache chunkSource = (ServerChunkCache) world.getChunkSource();
04:01:54 -                                         ^
04:01:54 - 
04:01:54 -   symbol:   class ServerChunkCache
04:01:54 -   location: class CommandRepopulate
04:01:54 - src/minecraft/net/minecraft/command/CommandRepopulate.java:103: error: cannot find symbol
04:01:54 -         ServerChunkCache chunkSource = (ServerChunkCache) world.getChunkSource();
04:01:54 -                                                                ^
04:01:54 - 
04:01:54 -   symbol:   method getChunkSource()
04:01:54 -   location: variable world of type World
04:01:54 - src/minecraft/net/minecraft/command/CommandRepopulate.java:104: error: cannot find symbol
04:01:54 -         Long2ObjectHashMap<WorldChunk> hashMap = (Long2ObjectHashMap<WorldChunk>) getField(chunkSource, "chunksByPos");
04:01:54 -         ^
04:01:54 - 
04:01:54 -   symbol:   class Long2ObjectHashMap
04:01:54 -   location: class CommandRepopulate
04:01:54 - src/minecraft/net/minecraft/command/CommandRepopulate.java:104: error: cannot find symbol
04:01:54 -         Long2ObjectHashMap<WorldChunk> hashMap = (Long2ObjectHashMap<WorldChunk>) getField(chunkSource, "chunksByPos");
04:01:54 -                            ^
04:01:54 - 
04:01:54 -   symbol:   class WorldChunk
04:01:54 -   location: class CommandRepopulate
04:01:54 - src/minecraft/net/minecraft/command/CommandRepopulate.java:104: error: cannot find symbol
04:01:54 -         Long2ObjectHashMap<WorldChunk> hashMap = (Long2ObjectHashMap<WorldChunk>) getField(chunkSource, "chunksByPos");
04:01:54 -                                                   ^
04:01:54 - 
04:01:54 -   symbol:   class Long2ObjectHashMap
04:01:54 -   location: class CommandRepopulate
04:01:54 - src/minecraft/net/minecraft/command/CommandRepopulate.java:104: error: cannot find symbol
04:01:54 -         Long2ObjectHashMap<WorldChunk> hashMap = (Long2ObjectHashMap<WorldChunk>) getField(chunkSource, "chunksByPos");
04:01:54 -                                                                      ^
04:01:54 - 
04:01:54 -   symbol:   class WorldChunk
04:01:54 -   location: class CommandRepopulate
04:01:54 - src/minecraft/net/minecraft/command/CommandRepopulate.java:105: error: cannot find symbol
04:01:54 -         return hashMap.contains(ChunkPos.toLong(chunkX, chunkZ))
04:01:54 -                                 ^
04:01:54 - 
04:01:54 -   symbol:   variable ChunkPos
04:01:54 -   location: class CommandRepopulate
04:01:54 - src/minecraft/net/minecraft/command/CommandRepopulate.java:106: error: cannot find symbol
04:01:54 -                 && hashMap.contains(ChunkPos.toLong(chunkX + 1, chunkZ))
04:01:54 -                                     ^
04:01:54 - 
04:01:54 -   symbol:   variable ChunkPos
04:01:54 -   location: class CommandRepopulate
04:01:54 - src/minecraft/net/minecraft/command/CommandRepopulate.java:107: error: cannot find symbol
04:01:54 -                 && hashMap.contains(ChunkPos.toLong(chunkX, chunkZ + 1))
04:01:54 -                                     ^
04:01:54 - 
04:01:54 -   symbol:   variable ChunkPos
04:01:54 -   location: class CommandRepopulate
04:01:54 - src/minecraft/net/minecraft/command/CommandRepopulate.java:108: error: cannot find symbol
04:01:54 -                 && hashMap.contains(ChunkPos.toLong(chunkX + 1, chunkZ + 1));
04:01:54 -                                     ^
04:01:54 - 
04:01:54 -   symbol:   variable ChunkPos
04:01:54 -   location: class CommandRepopulate
04:01:54 - src/minecraft/net/minecraft/command/CommandRepopulate.java:111: error: method does not override or implement a method from a supertype
04:01:54 -     @Override
04:01:54 -     ^
04:01:54 - 
04:01:54 - src/minecraft/net/minecraft/command/CommandRepopulate.java:114: error: cannot find symbol
04:01:54 -             return suggestChunkCoordinate(args, 0, source.getSourceBlockPos());
04:01:54 -                                                          ^
04:01:54 - 
04:01:54 -   symbol:   method getSourceBlockPos()
04:01:54 -   location: variable source of type CommandBase
04:01:54 - 47 errors
04:01:54 - ==================
04:01:54 - 
04:01:54 - !! Can not find server sources, try decompiling !!
04:04:31 - '"javac" -Xlint:-options -deprecation -g -source 1.6 -target 1.6 -classpath "jars/versions/1.8.8/1.8.8.jar:lib:lib/*:jars/libraries/net/java/jinput/jinput/2.0.5/jinput-2.0.5.jar:jars/libraries/org/lwjgl/lwjgl/lwjgl-platform/2.9.4-nightly-20150209/lwjgl-platform-2.9.4-nightly-20150209-natives-linux.jar:jars/libraries/com/ibm/icu/icu4j-core-mojang/51.2/icu4j-core-mojang-51.2.jar:jars/libraries/org/apache/httpcomponents/httpcore/4.3.2/httpcore-4.3.2.jar:jars/libraries/org/apache/logging/log4j/log4j-api/2.0-beta9/log4j-api-2.0-beta9.jar:jars/libraries/org/apache/commons/commons-lang3/3.3.2/commons-lang3-3.3.2.jar:jars/libraries/net/java/dev/jna/jna/3.4.0/jna-3.4.0.jar:jars/libraries/com/paulscode/libraryjavasound/20101123/libraryjavasound-20101123.jar:jars/libraries/net/sf/jopt-simple/jopt-simple/4.6/jopt-simple-4.6.jar:jars/libraries/com/google/guava/guava/17.0/guava-17.0.jar:jars/libraries/oshi-project/oshi-core/1.1/oshi-core-1.1.jar:jars/libraries/org/apache/httpcomponents/httpclient/4.3.3/httpclient-4.3.3.jar:jars/libraries/org/apache/commons/commons-compress/1.8.1/commons-compress-1.8.1.jar:jars/libraries/net/java/dev/jna/platform/3.4.0/platform-3.4.0.jar:jars/libraries/com/paulscode/codecjorbis/20101023/codecjorbis-20101023.jar:jars/libraries/com/paulscode/soundsystem/20120107/soundsystem-20120107.jar:jars/libraries/com/paulscode/librarylwjglopenal/20100824/librarylwjglopenal-20100824.jar:jars/libraries/org/lwjgl/lwjgl/lwjgl_util/2.9.4-nightly-20150209/lwjgl_util-2.9.4-nightly-20150209.jar:jars/libraries/commons-codec/commons-codec/1.9/commons-codec-1.9.jar:jars/libraries/net/java/jutils/jutils/1.0.0/jutils-1.0.0.jar:jars/libraries/commons-logging/commons-logging/1.1.3/commons-logging-1.1.3.jar:jars/libraries/org/lwjgl/lwjgl/lwjgl/2.9.4-nightly-20150209/lwjgl-2.9.4-nightly-20150209.jar:jars/libraries/commons-io/commons-io/2.4/commons-io-2.4.jar:jars/libraries/com/mojang/realms/1.7.39/realms-1.7.39.jar:jars/libraries/com/mojang/authlib/1.5.21/authlib-1.5.21.jar:jars/libraries/com/google/code/gson/gson/2.2.4/gson-2.2.4.jar:jars/libraries/com/mojang/netty/1.8.8/netty-1.8.8.jar:jars/libraries/tv/twitch/twitch/6.5/twitch-6.5.jar:jars/libraries/com/paulscode/codecwav/20101023/codecwav-20101023.jar:jars/libraries/net/java/jinput/jinput-platform/2.0.5/jinput-platform-2.0.5-natives-linux.jar:jars/libraries/org/apache/logging/log4j/log4j-core/2.0-beta9/log4j-core-2.0-beta9.jar:jars/libraries/io/netty/netty-all/4.0.23.Final/netty-all-4.0.23.Final.jar" -sourcepath src/minecraft -d bin/minecraft @temp/java_src_client.txt' failed : 1
04:04:31 - 
04:04:31 - == ERRORS FOUND in JAVA CODE ==
04:04:31 - 
04:04:31 - src/minecraft/net/minecraft/command/CommandRepopulate.java:6: error: cannot find symbol
04:04:31 - import net.minecraft.command.InvalidNumberException;
04:04:31 -                             ^
04:04:31 - 
04:04:31 -   symbol:   class InvalidNumberException
04:04:31 -   location: package net.minecraft.command
04:04:31 - src/minecraft/net/minecraft/command/CommandRepopulate.java:7: error: package net.minecraft.command.source does not exist
04:04:31 - import net.minecraft.command.source.CommandBase;
04:04:31 -                                    ^
04:04:31 - 
04:04:31 - src/minecraft/net/minecraft/command/CommandRepopulate.java:9: error: cannot find symbol
04:04:31 - import net.minecraft.util.Long2ObjectHashMap;
04:04:31 -                          ^
04:04:31 - 
04:04:31 -   symbol:   class Long2ObjectHashMap
04:04:31 -   location: package net.minecraft.util
04:04:31 - src/minecraft/net/minecraft/command/CommandRepopulate.java:10: error: package net.minecraft.util.math does not exist
04:04:31 - import net.minecraft.util.math.BlockPos;
04:04:31 -                               ^
04:04:31 - 
04:04:31 - src/minecraft/net/minecraft/command/CommandRepopulate.java:11: error: package net.minecraft.util.math does not exist
04:04:31 - import net.minecraft.util.math.ChunkPos;
04:04:31 -                               ^
04:04:31 - 
04:04:31 - src/minecraft/net/minecraft/command/CommandRepopulate.java:13: error: cannot find symbol
04:04:31 - import net.minecraft.world.chunk.ServerChunkCache;
04:04:31 -                                 ^
04:04:31 - 
04:04:31 -   symbol:   class ServerChunkCache
04:04:31 -   location: package net.minecraft.world.chunk
04:04:31 - src/minecraft/net/minecraft/command/CommandRepopulate.java:14: error: cannot find symbol
04:04:31 - import net.minecraft.world.chunk.ChunkSource;
04:04:31 -                                 ^
04:04:31 - 
04:04:31 -   symbol:   class ChunkSource
04:04:31 -   location: package net.minecraft.world.chunk
04:04:31 - src/minecraft/net/minecraft/command/CommandRepopulate.java:15: error: cannot find symbol
04:04:31 - import net.minecraft.world.chunk.WorldChunk;
04:04:31 -                                 ^
04:04:31 - 
04:04:31 -   symbol:   class WorldChunk
04:04:31 -   location: package net.minecraft.world.chunk
04:04:31 - src/minecraft/net/minecraft/command/CommandRepopulate.java:16: error: package net.minecraft.text does not exist
04:04:31 - import net.minecraft.text.LiteralText;
04:04:31 -                          ^
04:04:31 - 
04:04:31 - src/minecraft/net/minecraft/command/CommandRepopulate.java:18: error: package net.minecraft.server.command does not exist
04:04:31 - public class CommandRepopulate extends net.minecraft.server.command.AbstractCommand {
04:04:31 -                                                                    ^
04:04:31 - 
04:04:31 - src/minecraft/net/minecraft/command/CommandRepopulate.java:110: error: cannot find symbol
04:04:31 -     public List<String> getSuggestions(CommandBase source, String[] args, BlockPos pos) {
04:04:31 -                                                                           ^
04:04:31 - 
04:04:31 -   symbol:   class BlockPos
04:04:31 -   location: class CommandRepopulate
04:04:31 - src/minecraft/net/minecraft/command/CommandRepopulate.java:120: error: cannot find symbol
04:04:31 -     private static List<String> suggestChunkCoordinate(String[] args, int start, BlockPos pos) {
04:04:31 -                                                                                  ^
04:04:31 - 
04:04:31 -   symbol:   class BlockPos
04:04:31 -   location: class CommandRepopulate
04:04:31 - src/minecraft/net/minecraft/command/CommandRepopulate.java:19: error: method does not override or implement a method from a supertype
04:04:31 -     @Override
04:04:31 -     ^
04:04:31 - 
04:04:31 - src/minecraft/net/minecraft/command/CommandRepopulate.java:24: error: method does not override or implement a method from a supertype
04:04:31 -     @Override
04:04:31 -     ^
04:04:31 - 
04:04:31 - src/minecraft/net/minecraft/command/CommandRepopulate.java:29: error: method does not override or implement a method from a supertype
04:04:31 -     @Override
04:04:31 -     ^
04:04:31 - 
04:04:31 - src/minecraft/net/minecraft/command/CommandRepopulate.java:32: error: cannot find symbol
04:04:31 -             source.sendMessage(new LiteralText(getUsage(source)));
04:04:31 -                                    ^
04:04:31 - 
04:04:31 -   symbol:   class LiteralText
04:04:31 -   location: class CommandRepopulate
04:04:31 - src/minecraft/net/minecraft/command/CommandRepopulate.java:36: error: cannot find symbol
04:04:31 -         World world = source.getSourceWorld();
04:04:31 -                             ^
04:04:31 - 
04:04:31 -   symbol:   method getSourceWorld()
04:04:31 -   location: variable source of type CommandBase
04:04:31 - src/minecraft/net/minecraft/command/CommandRepopulate.java:37: error: cannot find symbol
04:04:31 -         BlockPos pos = source.getSourceBlockPos();
04:04:31 -         ^
04:04:31 - 
04:04:31 -   symbol:   class BlockPos
04:04:31 -   location: class CommandRepopulate
04:04:31 - src/minecraft/net/minecraft/command/CommandRepopulate.java:37: error: cannot find symbol
04:04:31 -         BlockPos pos = source.getSourceBlockPos();
04:04:31 -                              ^
04:04:31 - 
04:04:31 -   symbol:   method getSourceBlockPos()
04:04:31 -   location: variable source of type CommandBase
04:04:31 - src/minecraft/net/minecraft/command/CommandRepopulate.java:45: error: cannot find symbol
04:04:31 -                 chunkX = (int) parseCoordinate(chunkX, args[0], false);
04:04:31 -                                ^
04:04:31 - 
04:04:31 -   symbol:   method parseCoordinate(int,String,boolean)
04:04:31 -   location: class CommandRepopulate
04:04:31 - src/minecraft/net/minecraft/command/CommandRepopulate.java:46: error: cannot find symbol
04:04:31 -                 chunkZ = (int) parseCoordinate(chunkZ, args[1], false);
04:04:31 -                                ^
04:04:31 - 
04:04:31 -   symbol:   method parseCoordinate(int,String,boolean)
04:04:31 -   location: class CommandRepopulate
04:04:31 - src/minecraft/net/minecraft/command/CommandRepopulate.java:47: error: cannot find symbol
04:04:31 -             } catch (InvalidNumberException e) {
04:04:31 -                      ^
04:04:31 - 
04:04:31 -   symbol:   class InvalidNumberException
04:04:31 -   location: class CommandRepopulate
04:04:31 - src/minecraft/net/minecraft/command/CommandRepopulate.java:48: error: cannot find symbol
04:04:31 -                 source.sendMessage(new LiteralText(getUsage(source)));
04:04:31 -                                        ^
04:04:31 - 
04:04:31 -   symbol:   class LiteralText
04:04:31 -   location: class CommandRepopulate
04:04:31 - src/minecraft/net/minecraft/command/CommandRepopulate.java:60: error: cannot find symbol
04:04:31 -                 source.sendMessage(new LiteralText(getUsage(source)));
04:04:31 -                                        ^
04:04:31 - 
04:04:31 -   symbol:   class LiteralText
04:04:31 -   location: class CommandRepopulate
04:04:31 - src/minecraft/net/minecraft/command/CommandRepopulate.java:67: error: cannot find symbol
04:04:31 -                 source.sendMessage(new LiteralText("Warning: Area not loaded for repopulation!"));
04:04:31 -                                        ^
04:04:31 - 
04:04:31 -   symbol:   class LiteralText
04:04:31 -   location: class CommandRepopulate
04:04:31 - src/minecraft/net/minecraft/command/CommandRepopulate.java:72: error: cannot find symbol
04:04:31 -                 HttpUtil.DOWNLOAD_THREAD_FACTORY.submit(new Runnable() {
04:04:31 -                         ^
04:04:31 - 
04:04:31 -   symbol:   variable DOWNLOAD_THREAD_FACTORY
04:04:31 -   location: class HttpUtil
04:04:31 - src/minecraft/net/minecraft/command/CommandRepopulate.java:87: error: cannot find symbol
04:04:31 -             WorldChunk chunk = world.getChunkAt(chunkX, chunkZ);
04:04:31 -             ^
04:04:31 - 
04:04:31 -   symbol:   class WorldChunk
04:04:31 -   location: class CommandRepopulate
04:04:31 - src/minecraft/net/minecraft/command/CommandRepopulate.java:87: error: cannot find symbol
04:04:31 -             WorldChunk chunk = world.getChunkAt(chunkX, chunkZ);
04:04:31 -                                     ^
04:04:31 - 
04:04:31 -   symbol:   method getChunkAt(int,int)
04:04:31 -   location: variable world of type World
04:04:31 - src/minecraft/net/minecraft/command/CommandRepopulate.java:93: error: cannot find symbol
04:04:31 -         ServerChunkCache chunkSource = (ServerChunkCache) world.getChunkSource();
04:04:31 -         ^
04:04:31 - 
04:04:31 -   symbol:   class ServerChunkCache
04:04:31 -   location: class CommandRepopulate
04:04:31 - src/minecraft/net/minecraft/command/CommandRepopulate.java:93: error: cannot find symbol
04:04:31 -         ServerChunkCache chunkSource = (ServerChunkCache) world.getChunkSource();
04:04:31 -                                         ^
04:04:31 - 
04:04:31 -   symbol:   class ServerChunkCache
04:04:31 -   location: class CommandRepopulate
04:04:31 - src/minecraft/net/minecraft/command/CommandRepopulate.java:93: error: cannot find symbol
04:04:31 -         ServerChunkCache chunkSource = (ServerChunkCache) world.getChunkSource();
04:04:31 -                                                                ^
04:04:31 - 
04:04:31 -   symbol:   method getChunkSource()
04:04:31 -   location: variable world of type World
04:04:31 - src/minecraft/net/minecraft/command/CommandRepopulate.java:94: error: cannot find symbol
04:04:31 -         ChunkSource generator = (ChunkSource) getField(chunkSource, "generator");
04:04:31 -         ^
04:04:31 - 
04:04:31 -   symbol:   class ChunkSource
04:04:31 -   location: class CommandRepopulate
04:04:31 - src/minecraft/net/minecraft/command/CommandRepopulate.java:94: error: cannot find symbol
04:04:31 -         ChunkSource generator = (ChunkSource) getField(chunkSource, "generator");
04:04:31 -                                  ^
04:04:31 - 
04:04:31 -   symbol:   class ChunkSource
04:04:31 -   location: class CommandRepopulate
04:04:31 - src/minecraft/net/minecraft/command/CommandRepopulate.java:95: error: cannot find symbol
04:04:31 -         WorldChunk chunk = chunkSource.getChunk(chunkX, chunkZ);
04:04:31 -         ^
04:04:31 - 
04:04:31 -   symbol:   class WorldChunk
04:04:31 -   location: class CommandRepopulate
04:04:31 - src/minecraft/net/minecraft/command/CommandRepopulate.java:101: error: cannot find symbol
04:04:31 -         ServerChunkCache chunkSource = (ServerChunkCache) world.getChunkSource();
04:04:31 -         ^
04:04:31 - 
04:04:31 -   symbol:   class ServerChunkCache
04:04:31 -   location: class CommandRepopulate
04:04:31 - src/minecraft/net/minecraft/command/CommandRepopulate.java:101: error: cannot find symbol
04:04:31 -         ServerChunkCache chunkSource = (ServerChunkCache) world.getChunkSource();
04:04:31 -                                         ^
04:04:31 - 
04:04:31 -   symbol:   class ServerChunkCache
04:04:31 -   location: class CommandRepopulate
04:04:31 - src/minecraft/net/minecraft/command/CommandRepopulate.java:101: error: cannot find symbol
04:04:31 -         ServerChunkCache chunkSource = (ServerChunkCache) world.getChunkSource();
04:04:31 -                                                                ^
04:04:31 - 
04:04:31 -   symbol:   method getChunkSource()
04:04:31 -   location: variable world of type World
04:04:31 - src/minecraft/net/minecraft/command/CommandRepopulate.java:102: error: cannot find symbol
04:04:31 -         Long2ObjectHashMap<WorldChunk> hashMap = (Long2ObjectHashMap<WorldChunk>) getField(chunkSource, "chunksByPos");
04:04:31 -         ^
04:04:31 - 
04:04:31 -   symbol:   class Long2ObjectHashMap
04:04:31 -   location: class CommandRepopulate
04:04:31 - src/minecraft/net/minecraft/command/CommandRepopulate.java:102: error: cannot find symbol
04:04:31 -         Long2ObjectHashMap<WorldChunk> hashMap = (Long2ObjectHashMap<WorldChunk>) getField(chunkSource, "chunksByPos");
04:04:31 -                            ^
04:04:31 - 
04:04:31 -   symbol:   class WorldChunk
04:04:31 -   location: class CommandRepopulate
04:04:31 - src/minecraft/net/minecraft/command/CommandRepopulate.java:102: error: cannot find symbol
04:04:31 -         Long2ObjectHashMap<WorldChunk> hashMap = (Long2ObjectHashMap<WorldChunk>) getField(chunkSource, "chunksByPos");
04:04:31 -                                                   ^
04:04:31 - 
04:04:31 -   symbol:   class Long2ObjectHashMap
04:04:31 -   location: class CommandRepopulate
04:04:31 - src/minecraft/net/minecraft/command/CommandRepopulate.java:102: error: cannot find symbol
04:04:31 -         Long2ObjectHashMap<WorldChunk> hashMap = (Long2ObjectHashMap<WorldChunk>) getField(chunkSource, "chunksByPos");
04:04:31 -                                                                      ^
04:04:31 - 
04:04:31 -   symbol:   class WorldChunk
04:04:31 -   location: class CommandRepopulate
04:04:31 - src/minecraft/net/minecraft/command/CommandRepopulate.java:103: error: cannot find symbol
04:04:31 -         return hashMap.contains(ChunkPos.toLong(chunkX, chunkZ))
04:04:31 -                                 ^
04:04:31 - 
04:04:31 -   symbol:   variable ChunkPos
04:04:31 -   location: class CommandRepopulate
04:04:31 - src/minecraft/net/minecraft/command/CommandRepopulate.java:104: error: cannot find symbol
04:04:31 -                 && hashMap.contains(ChunkPos.toLong(chunkX + 1, chunkZ))
04:04:31 -                                     ^
04:04:31 - 
04:04:31 -   symbol:   variable ChunkPos
04:04:31 -   location: class CommandRepopulate
04:04:31 - src/minecraft/net/minecraft/command/CommandRepopulate.java:105: error: cannot find symbol
04:04:31 -                 && hashMap.contains(ChunkPos.toLong(chunkX, chunkZ + 1))
04:04:31 -                                     ^
04:04:31 - 
04:04:31 -   symbol:   variable ChunkPos
04:04:31 -   location: class CommandRepopulate
04:04:31 - src/minecraft/net/minecraft/command/CommandRepopulate.java:106: error: cannot find symbol
04:04:31 -                 && hashMap.contains(ChunkPos.toLong(chunkX + 1, chunkZ + 1));
04:04:31 -                                     ^
04:04:31 - 
04:04:31 -   symbol:   variable ChunkPos
04:04:31 -   location: class CommandRepopulate
04:04:31 - src/minecraft/net/minecraft/command/CommandRepopulate.java:109: error: method does not override or implement a method from a supertype
04:04:31 -     @Override
04:04:31 -     ^
04:04:31 - 
04:04:31 - src/minecraft/net/minecraft/command/CommandRepopulate.java:112: error: cannot find symbol
04:04:31 -             return suggestChunkCoordinate(args, 0, source.getSourceBlockPos());
04:04:31 -                                                          ^
04:04:31 - 
04:04:31 -   symbol:   method getSourceBlockPos()
04:04:31 -   location: variable source of type CommandBase
04:04:31 - 47 errors
04:04:31 - ==================
04:04:31 - 
04:04:31 - !! Can not find server sources, try decompiling !!
04:05:50 - !! Can not find server sources, try decompiling !!
04:08:30 - !! Can not find server sources, try decompiling !!
04:18:13 - '"javac" -Xlint:-options -deprecation -g -source 1.6 -target 1.6 -classpath "jars/versions/1.8.8/1.8.8.jar:lib:lib/*:jars/libraries/net/java/jinput/jinput/2.0.5/jinput-2.0.5.jar:jars/libraries/org/lwjgl/lwjgl/lwjgl-platform/2.9.4-nightly-20150209/lwjgl-platform-2.9.4-nightly-20150209-natives-linux.jar:jars/libraries/com/ibm/icu/icu4j-core-mojang/51.2/icu4j-core-mojang-51.2.jar:jars/libraries/org/apache/httpcomponents/httpcore/4.3.2/httpcore-4.3.2.jar:jars/libraries/org/apache/logging/log4j/log4j-api/2.0-beta9/log4j-api-2.0-beta9.jar:jars/libraries/org/apache/commons/commons-lang3/3.3.2/commons-lang3-3.3.2.jar:jars/libraries/net/java/dev/jna/jna/3.4.0/jna-3.4.0.jar:jars/libraries/com/paulscode/libraryjavasound/20101123/libraryjavasound-20101123.jar:jars/libraries/net/sf/jopt-simple/jopt-simple/4.6/jopt-simple-4.6.jar:jars/libraries/com/google/guava/guava/17.0/guava-17.0.jar:jars/libraries/oshi-project/oshi-core/1.1/oshi-core-1.1.jar:jars/libraries/org/apache/httpcomponents/httpclient/4.3.3/httpclient-4.3.3.jar:jars/libraries/org/apache/commons/commons-compress/1.8.1/commons-compress-1.8.1.jar:jars/libraries/net/java/dev/jna/platform/3.4.0/platform-3.4.0.jar:jars/libraries/com/paulscode/codecjorbis/20101023/codecjorbis-20101023.jar:jars/libraries/com/paulscode/soundsystem/20120107/soundsystem-20120107.jar:jars/libraries/com/paulscode/librarylwjglopenal/20100824/librarylwjglopenal-20100824.jar:jars/libraries/org/lwjgl/lwjgl/lwjgl_util/2.9.4-nightly-20150209/lwjgl_util-2.9.4-nightly-20150209.jar:jars/libraries/commons-codec/commons-codec/1.9/commons-codec-1.9.jar:jars/libraries/net/java/jutils/jutils/1.0.0/jutils-1.0.0.jar:jars/libraries/commons-logging/commons-logging/1.1.3/commons-logging-1.1.3.jar:jars/libraries/org/lwjgl/lwjgl/lwjgl/2.9.4-nightly-20150209/lwjgl-2.9.4-nightly-20150209.jar:jars/libraries/commons-io/commons-io/2.4/commons-io-2.4.jar:jars/libraries/com/mojang/realms/1.7.39/realms-1.7.39.jar:jars/libraries/com/mojang/authlib/1.5.21/authlib-1.5.21.jar:jars/libraries/com/google/code/gson/gson/2.2.4/gson-2.2.4.jar:jars/libraries/com/mojang/netty/1.8.8/netty-1.8.8.jar:jars/libraries/tv/twitch/twitch/6.5/twitch-6.5.jar:jars/libraries/com/paulscode/codecwav/20101023/codecwav-20101023.jar:jars/libraries/net/java/jinput/jinput-platform/2.0.5/jinput-platform-2.0.5-natives-linux.jar:jars/libraries/org/apache/logging/log4j/log4j-core/2.0-beta9/log4j-core-2.0-beta9.jar:jars/libraries/io/netty/netty-all/4.0.23.Final/netty-all-4.0.23.Final.jar" -sourcepath src/minecraft -d bin/minecraft @temp/java_src_client.txt' failed : 1
04:18:13 - 
04:18:13 - == ERRORS FOUND in JAVA CODE ==
04:18:13 - 
04:18:13 - src/minecraft/net/minecraft/command/CommandRepopulate.java:52: error: lambda expressions are not supported in -source 1.6
04:18:13 -                 new Thread(() -> repopulate(w, x, z)).start();
04:18:13 -                               ^
04:18:13 - 
04:18:13 -   (use -source 8 or higher to enable lambda expressions)
04:18:13 - 1 error
04:18:13 - ==================
04:18:13 - 
04:18:13 - !! Can not find server sources, try decompiling !!
04:19:25 - '"javac" -Xlint:-options -deprecation -g -source 1.6 -target 1.6 -classpath "jars/versions/1.8.8/1.8.8.jar:lib:lib/*:jars/libraries/net/java/jinput/jinput/2.0.5/jinput-2.0.5.jar:jars/libraries/org/lwjgl/lwjgl/lwjgl-platform/2.9.4-nightly-20150209/lwjgl-platform-2.9.4-nightly-20150209-natives-linux.jar:jars/libraries/com/ibm/icu/icu4j-core-mojang/51.2/icu4j-core-mojang-51.2.jar:jars/libraries/org/apache/httpcomponents/httpcore/4.3.2/httpcore-4.3.2.jar:jars/libraries/org/apache/logging/log4j/log4j-api/2.0-beta9/log4j-api-2.0-beta9.jar:jars/libraries/org/apache/commons/commons-lang3/3.3.2/commons-lang3-3.3.2.jar:jars/libraries/net/java/dev/jna/jna/3.4.0/jna-3.4.0.jar:jars/libraries/com/paulscode/libraryjavasound/20101123/libraryjavasound-20101123.jar:jars/libraries/net/sf/jopt-simple/jopt-simple/4.6/jopt-simple-4.6.jar:jars/libraries/com/google/guava/guava/17.0/guava-17.0.jar:jars/libraries/oshi-project/oshi-core/1.1/oshi-core-1.1.jar:jars/libraries/org/apache/httpcomponents/httpclient/4.3.3/httpclient-4.3.3.jar:jars/libraries/org/apache/commons/commons-compress/1.8.1/commons-compress-1.8.1.jar:jars/libraries/net/java/dev/jna/platform/3.4.0/platform-3.4.0.jar:jars/libraries/com/paulscode/codecjorbis/20101023/codecjorbis-20101023.jar:jars/libraries/com/paulscode/soundsystem/20120107/soundsystem-20120107.jar:jars/libraries/com/paulscode/librarylwjglopenal/20100824/librarylwjglopenal-20100824.jar:jars/libraries/org/lwjgl/lwjgl/lwjgl_util/2.9.4-nightly-20150209/lwjgl_util-2.9.4-nightly-20150209.jar:jars/libraries/commons-codec/commons-codec/1.9/commons-codec-1.9.jar:jars/libraries/net/java/jutils/jutils/1.0.0/jutils-1.0.0.jar:jars/libraries/commons-logging/commons-logging/1.1.3/commons-logging-1.1.3.jar:jars/libraries/org/lwjgl/lwjgl/lwjgl/2.9.4-nightly-20150209/lwjgl-2.9.4-nightly-20150209.jar:jars/libraries/commons-io/commons-io/2.4/commons-io-2.4.jar:jars/libraries/com/mojang/realms/1.7.39/realms-1.7.39.jar:jars/libraries/com/mojang/authlib/1.5.21/authlib-1.5.21.jar:jars/libraries/com/google/code/gson/gson/2.2.4/gson-2.2.4.jar:jars/libraries/com/mojang/netty/1.8.8/netty-1.8.8.jar:jars/libraries/tv/twitch/twitch/6.5/twitch-6.5.jar:jars/libraries/com/paulscode/codecwav/20101023/codecwav-20101023.jar:jars/libraries/net/java/jinput/jinput-platform/2.0.5/jinput-platform-2.0.5-natives-linux.jar:jars/libraries/org/apache/logging/log4j/log4j-core/2.0-beta9/log4j-core-2.0-beta9.jar:jars/libraries/io/netty/netty-all/4.0.23.Final/netty-all-4.0.23.Final.jar" -sourcepath src/minecraft -d bin/minecraft @temp/java_src_client.txt' failed : 1
04:19:25 - 
04:19:25 - == ERRORS FOUND in JAVA CODE ==
04:19:25 - 
04:19:25 - src/minecraft/net/minecraft/command/CommandRepopulate.java:47: error: lambda expressions are not supported in -source 1.6
04:19:25 -                 new Thread(() -> repopulate(w, cx, cz)).start();
04:19:25 -                               ^
04:19:25 - 
04:19:25 -   (use -source 8 or higher to enable lambda expressions)
04:19:25 - 1 error
04:19:25 - ==================
04:19:25 - 
04:19:25 - !! Can not find server sources, try decompiling !!
04:20:21 - '"javac" -Xlint:-options -deprecation -g -source 1.6 -target 1.6 -classpath "jars/versions/1.8.8/1.8.8.jar:lib:lib/*:jars/libraries/net/java/jinput/jinput/2.0.5/jinput-2.0.5.jar:jars/libraries/org/lwjgl/lwjgl/lwjgl-platform/2.9.4-nightly-20150209/lwjgl-platform-2.9.4-nightly-20150209-natives-linux.jar:jars/libraries/com/ibm/icu/icu4j-core-mojang/51.2/icu4j-core-mojang-51.2.jar:jars/libraries/org/apache/httpcomponents/httpcore/4.3.2/httpcore-4.3.2.jar:jars/libraries/org/apache/logging/log4j/log4j-api/2.0-beta9/log4j-api-2.0-beta9.jar:jars/libraries/org/apache/commons/commons-lang3/3.3.2/commons-lang3-3.3.2.jar:jars/libraries/net/java/dev/jna/jna/3.4.0/jna-3.4.0.jar:jars/libraries/com/paulscode/libraryjavasound/20101123/libraryjavasound-20101123.jar:jars/libraries/net/sf/jopt-simple/jopt-simple/4.6/jopt-simple-4.6.jar:jars/libraries/com/google/guava/guava/17.0/guava-17.0.jar:jars/libraries/oshi-project/oshi-core/1.1/oshi-core-1.1.jar:jars/libraries/org/apache/httpcomponents/httpclient/4.3.3/httpclient-4.3.3.jar:jars/libraries/org/apache/commons/commons-compress/1.8.1/commons-compress-1.8.1.jar:jars/libraries/net/java/dev/jna/platform/3.4.0/platform-3.4.0.jar:jars/libraries/com/paulscode/codecjorbis/20101023/codecjorbis-20101023.jar:jars/libraries/com/paulscode/soundsystem/20120107/soundsystem-20120107.jar:jars/libraries/com/paulscode/librarylwjglopenal/20100824/librarylwjglopenal-20100824.jar:jars/libraries/org/lwjgl/lwjgl/lwjgl_util/2.9.4-nightly-20150209/lwjgl_util-2.9.4-nightly-20150209.jar:jars/libraries/commons-codec/commons-codec/1.9/commons-codec-1.9.jar:jars/libraries/net/java/jutils/jutils/1.0.0/jutils-1.0.0.jar:jars/libraries/commons-logging/commons-logging/1.1.3/commons-logging-1.1.3.jar:jars/libraries/org/lwjgl/lwjgl/lwjgl/2.9.4-nightly-20150209/lwjgl-2.9.4-nightly-20150209.jar:jars/libraries/commons-io/commons-io/2.4/commons-io-2.4.jar:jars/libraries/com/mojang/realms/1.7.39/realms-1.7.39.jar:jars/libraries/com/mojang/authlib/1.5.21/authlib-1.5.21.jar:jars/libraries/com/google/code/gson/gson/2.2.4/gson-2.2.4.jar:jars/libraries/com/mojang/netty/1.8.8/netty-1.8.8.jar:jars/libraries/tv/twitch/twitch/6.5/twitch-6.5.jar:jars/libraries/com/paulscode/codecwav/20101023/codecwav-20101023.jar:jars/libraries/net/java/jinput/jinput-platform/2.0.5/jinput-platform-2.0.5-natives-linux.jar:jars/libraries/org/apache/logging/log4j/log4j-core/2.0-beta9/log4j-core-2.0-beta9.jar:jars/libraries/io/netty/netty-all/4.0.23.Final/netty-all-4.0.23.Final.jar" -sourcepath src/minecraft -d bin/minecraft @temp/java_src_client.txt' failed : 1
04:20:21 - 
04:20:21 - == ERRORS FOUND in JAVA CODE ==
04:20:21 - 
04:20:21 - src/minecraft/net/minecraft/command/CommandRepopulate.java:90: error: incompatible types: List<? extends Object> cannot be converted to List<String>
04:20:21 -                 ? Arrays.asList("async", "now")
04:20:21 -                 ^
04:20:21 - 
04:20:21 - 1 error
04:20:21 - ==================
04:20:21 - 
04:20:21 - !! Can not find server sources, try decompiling !!
04:22:09 - '"scalac" -encoding UTF-8 -deprecation -target:jvm-1.6 -classpath "jars/versions/1.8.8/1.8.8.jar:lib:lib/*:jars/libraries/net/java/jinput/jinput/2.0.5/jinput-2.0.5.jar:jars/libraries/org/lwjgl/lwjgl/lwjgl-platform/2.9.4-nightly-20150209/lwjgl-platform-2.9.4-nightly-20150209-natives-linux.jar:jars/libraries/com/ibm/icu/icu4j-core-mojang/51.2/icu4j-core-mojang-51.2.jar:jars/libraries/org/apache/httpcomponents/httpcore/4.3.2/httpcore-4.3.2.jar:jars/libraries/org/apache/logging/log4j/log4j-api/2.0-beta9/log4j-api-2.0-beta9.jar:jars/libraries/org/apache/commons/commons-lang3/3.3.2/commons-lang3-3.3.2.jar:jars/libraries/net/java/dev/jna/jna/3.4.0/jna-3.4.0.jar:jars/libraries/com/paulscode/libraryjavasound/20101123/libraryjavasound-20101123.jar:jars/libraries/net/sf/jopt-simple/jopt-simple/4.6/jopt-simple-4.6.jar:jars/libraries/com/google/guava/guava/17.0/guava-17.0.jar:jars/libraries/oshi-project/oshi-core/1.1/oshi-core-1.1.jar:jars/libraries/org/apache/httpcomponents/httpclient/4.3.3/httpclient-4.3.3.jar:jars/libraries/org/apache/commons/commons-compress/1.8.1/commons-compress-1.8.1.jar:jars/libraries/net/java/dev/jna/platform/3.4.0/platform-3.4.0.jar:jars/libraries/com/paulscode/codecjorbis/20101023/codecjorbis-20101023.jar:jars/libraries/com/paulscode/soundsystem/20120107/soundsystem-20120107.jar:jars/libraries/com/paulscode/librarylwjglopenal/20100824/librarylwjglopenal-20100824.jar:jars/libraries/org/lwjgl/lwjgl/lwjgl_util/2.9.4-nightly-20150209/lwjgl_util-2.9.4-nightly-20150209.jar:jars/libraries/commons-codec/commons-codec/1.9/commons-codec-1.9.jar:jars/libraries/net/java/jutils/jutils/1.0.0/jutils-1.0.0.jar:jars/libraries/commons-logging/commons-logging/1.1.3/commons-logging-1.1.3.jar:jars/libraries/org/lwjgl/lwjgl/lwjgl/2.9.4-nightly-20150209/lwjgl-2.9.4-nightly-20150209.jar:jars/libraries/commons-io/commons-io/2.4/commons-io-2.4.jar:jars/libraries/com/mojang/realms/1.7.39/realms-1.7.39.jar:jars/libraries/com/mojang/authlib/1.5.21/authlib-1.5.21.jar:jars/libraries/com/google/code/gson/gson/2.2.4/gson-2.2.4.jar:jars/libraries/com/mojang/netty/1.8.8/netty-1.8.8.jar:jars/libraries/tv/twitch/twitch/6.5/twitch-6.5.jar:jars/libraries/com/paulscode/codecwav/20101023/codecwav-20101023.jar:jars/libraries/net/java/jinput/jinput-platform/2.0.5/jinput-platform-2.0.5-natives-linux.jar:jars/libraries/org/apache/logging/log4j/log4j-core/2.0-beta9/log4j-core-2.0-beta9.jar:jars/libraries/io/netty/netty-all/4.0.23.Final/netty-all-4.0.23.Final.jar" -sourcepath src/minecraft -d bin/minecraft @temp/java_src_client.txt @temp/scala_src_client.txt' failed : 1
04:22:09 - 
04:22:09 - == ERRORS FOUND in SCALA CODE ==
04:22:09 - 
04:22:09 - src/minecraft/net/minecraft/command/CommandRepopulate.java:97: error: eof expected but `}' found.
04:22:09 - }
04:22:09 - ^
04:22:09 - 
04:22:09 - one error found
04:22:09 - ================================
04:22:09 - 
04:22:09 - !! Can not find server sources, try decompiling !!
04:23:22 - '"javac" -Xlint:-options -deprecation -g -source 1.6 -target 1.6 -classpath "jars/versions/1.8.8/1.8.8.jar:lib:lib/*:jars/libraries/net/java/jinput/jinput/2.0.5/jinput-2.0.5.jar:jars/libraries/org/lwjgl/lwjgl/lwjgl-platform/2.9.4-nightly-20150209/lwjgl-platform-2.9.4-nightly-20150209-natives-linux.jar:jars/libraries/com/ibm/icu/icu4j-core-mojang/51.2/icu4j-core-mojang-51.2.jar:jars/libraries/org/apache/httpcomponents/httpcore/4.3.2/httpcore-4.3.2.jar:jars/libraries/org/apache/logging/log4j/log4j-api/2.0-beta9/log4j-api-2.0-beta9.jar:jars/libraries/org/apache/commons/commons-lang3/3.3.2/commons-lang3-3.3.2.jar:jars/libraries/net/java/dev/jna/jna/3.4.0/jna-3.4.0.jar:jars/libraries/com/paulscode/libraryjavasound/20101123/libraryjavasound-20101123.jar:jars/libraries/net/sf/jopt-simple/jopt-simple/4.6/jopt-simple-4.6.jar:jars/libraries/com/google/guava/guava/17.0/guava-17.0.jar:jars/libraries/oshi-project/oshi-core/1.1/oshi-core-1.1.jar:jars/libraries/org/apache/httpcomponents/httpclient/4.3.3/httpclient-4.3.3.jar:jars/libraries/org/apache/commons/commons-compress/1.8.1/commons-compress-1.8.1.jar:jars/libraries/net/java/dev/jna/platform/3.4.0/platform-3.4.0.jar:jars/libraries/com/paulscode/codecjorbis/20101023/codecjorbis-20101023.jar:jars/libraries/com/paulscode/soundsystem/20120107/soundsystem-20120107.jar:jars/libraries/com/paulscode/librarylwjglopenal/20100824/librarylwjglopenal-20100824.jar:jars/libraries/org/lwjgl/lwjgl/lwjgl_util/2.9.4-nightly-20150209/lwjgl_util-2.9.4-nightly-20150209.jar:jars/libraries/commons-codec/commons-codec/1.9/commons-codec-1.9.jar:jars/libraries/net/java/jutils/jutils/1.0.0/jutils-1.0.0.jar:jars/libraries/commons-logging/commons-logging/1.1.3/commons-logging-1.1.3.jar:jars/libraries/org/lwjgl/lwjgl/lwjgl/2.9.4-nightly-20150209/lwjgl-2.9.4-nightly-20150209.jar:jars/libraries/commons-io/commons-io/2.4/commons-io-2.4.jar:jars/libraries/com/mojang/realms/1.7.39/realms-1.7.39.jar:jars/libraries/com/mojang/authlib/1.5.21/authlib-1.5.21.jar:jars/libraries/com/google/code/gson/gson/2.2.4/gson-2.2.4.jar:jars/libraries/com/mojang/netty/1.8.8/netty-1.8.8.jar:jars/libraries/tv/twitch/twitch/6.5/twitch-6.5.jar:jars/libraries/com/paulscode/codecwav/20101023/codecwav-20101023.jar:jars/libraries/net/java/jinput/jinput-platform/2.0.5/jinput-platform-2.0.5-natives-linux.jar:jars/libraries/org/apache/logging/log4j/log4j-core/2.0-beta9/log4j-core-2.0-beta9.jar:jars/libraries/io/netty/netty-all/4.0.23.Final/netty-all-4.0.23.Final.jar" -sourcepath src/minecraft -d bin/minecraft @temp/java_src_client.txt' failed : 1
04:23:22 - 
04:23:22 - == ERRORS FOUND in JAVA CODE ==
04:23:22 - 
04:23:22 - src/minecraft/net/minecraft/command/CommandRepopulate.java:90: error: cannot find symbol
04:23:22 -         return MinecraftServer.getServer().getAllUsernames();
04:23:22 -                ^
04:23:22 - 
04:23:22 -   symbol:   variable MinecraftServer
04:23:22 -   location: class CommandRepopulate
04:23:22 - 1 error
04:23:22 - ==================
04:23:22 - 
04:23:22 - !! Can not find server sources, try decompiling !!
04:24:04 - !! Can not find server sources, try decompiling !!
05:01:16 - '"javac" -Xlint:-options -deprecation -g -source 1.6 -target 1.6 -classpath "jars/versions/1.8.8/1.8.8.jar:lib:lib/*:jars/libraries/net/java/jinput/jinput/2.0.5/jinput-2.0.5.jar:jars/libraries/org/lwjgl/lwjgl/lwjgl-platform/2.9.4-nightly-20150209/lwjgl-platform-2.9.4-nightly-20150209-natives-linux.jar:jars/libraries/com/ibm/icu/icu4j-core-mojang/51.2/icu4j-core-mojang-51.2.jar:jars/libraries/org/apache/httpcomponents/httpcore/4.3.2/httpcore-4.3.2.jar:jars/libraries/org/apache/logging/log4j/log4j-api/2.0-beta9/log4j-api-2.0-beta9.jar:jars/libraries/org/apache/commons/commons-lang3/3.3.2/commons-lang3-3.3.2.jar:jars/libraries/net/java/dev/jna/jna/3.4.0/jna-3.4.0.jar:jars/libraries/com/paulscode/libraryjavasound/20101123/libraryjavasound-20101123.jar:jars/libraries/net/sf/jopt-simple/jopt-simple/4.6/jopt-simple-4.6.jar:jars/libraries/com/google/guava/guava/17.0/guava-17.0.jar:jars/libraries/oshi-project/oshi-core/1.1/oshi-core-1.1.jar:jars/libraries/org/apache/httpcomponents/httpclient/4.3.3/httpclient-4.3.3.jar:jars/libraries/org/apache/commons/commons-compress/1.8.1/commons-compress-1.8.1.jar:jars/libraries/net/java/dev/jna/platform/3.4.0/platform-3.4.0.jar:jars/libraries/com/paulscode/codecjorbis/20101023/codecjorbis-20101023.jar:jars/libraries/com/paulscode/soundsystem/20120107/soundsystem-20120107.jar:jars/libraries/com/paulscode/librarylwjglopenal/20100824/librarylwjglopenal-20100824.jar:jars/libraries/org/lwjgl/lwjgl/lwjgl_util/2.9.4-nightly-20150209/lwjgl_util-2.9.4-nightly-20150209.jar:jars/libraries/commons-codec/commons-codec/1.9/commons-codec-1.9.jar:jars/libraries/net/java/jutils/jutils/1.0.0/jutils-1.0.0.jar:jars/libraries/commons-logging/commons-logging/1.1.3/commons-logging-1.1.3.jar:jars/libraries/org/lwjgl/lwjgl/lwjgl/2.9.4-nightly-20150209/lwjgl-2.9.4-nightly-20150209.jar:jars/libraries/commons-io/commons-io/2.4/commons-io-2.4.jar:jars/libraries/com/mojang/realms/1.7.39/realms-1.7.39.jar:jars/libraries/com/mojang/authlib/1.5.21/authlib-1.5.21.jar:jars/libraries/com/google/code/gson/gson/2.2.4/gson-2.2.4.jar:jars/libraries/com/mojang/netty/1.8.8/netty-1.8.8.jar:jars/libraries/tv/twitch/twitch/6.5/twitch-6.5.jar:jars/libraries/com/paulscode/codecwav/20101023/codecwav-20101023.jar:jars/libraries/net/java/jinput/jinput-platform/2.0.5/jinput-platform-2.0.5-natives-linux.jar:jars/libraries/org/apache/logging/log4j/log4j-core/2.0-beta9/log4j-core-2.0-beta9.jar:jars/libraries/io/netty/netty-all/4.0.23.Final/netty-all-4.0.23.Final.jar" -sourcepath src/minecraft -d bin/minecraft @temp/java_src_client.txt' failed : 1
05:01:16 - 
05:01:16 - == ERRORS FOUND in JAVA CODE ==
05:01:16 - 
05:01:16 - src/minecraft/net/minecraft/command/CommandRepopulate.java:34: error: cannot find symbol
05:01:16 -             chunkX = (int) parseCoordinate(baseX, args[0], false).getResult() >> 4;
05:01:16 -                                                                  ^
05:01:16 - 
05:01:16 -   symbol:   method getResult()
05:01:16 -   location: class CoordinateArg
05:01:16 - src/minecraft/net/minecraft/command/CommandRepopulate.java:35: error: cannot find symbol
05:01:16 -             chunkZ = (int) parseCoordinate(baseZ, args[1], false).getResult() >> 4;
05:01:16 -                                                                  ^
05:01:16 - 
05:01:16 -   symbol:   method getResult()
05:01:16 -   location: class CoordinateArg
05:01:16 - 2 errors
05:01:16 - ==================
05:01:16 - 
05:01:16 - !! Can not find server sources, try decompiling !!
05:02:29 - '"javac" -Xlint:-options -deprecation -g -source 1.6 -target 1.6 -classpath "jars/versions/1.8.8/1.8.8.jar:lib:lib/*:jars/libraries/net/java/jinput/jinput/2.0.5/jinput-2.0.5.jar:jars/libraries/org/lwjgl/lwjgl/lwjgl-platform/2.9.4-nightly-20150209/lwjgl-platform-2.9.4-nightly-20150209-natives-linux.jar:jars/libraries/com/ibm/icu/icu4j-core-mojang/51.2/icu4j-core-mojang-51.2.jar:jars/libraries/org/apache/httpcomponents/httpcore/4.3.2/httpcore-4.3.2.jar:jars/libraries/org/apache/logging/log4j/log4j-api/2.0-beta9/log4j-api-2.0-beta9.jar:jars/libraries/org/apache/commons/commons-lang3/3.3.2/commons-lang3-3.3.2.jar:jars/libraries/net/java/dev/jna/jna/3.4.0/jna-3.4.0.jar:jars/libraries/com/paulscode/libraryjavasound/20101123/libraryjavasound-20101123.jar:jars/libraries/net/sf/jopt-simple/jopt-simple/4.6/jopt-simple-4.6.jar:jars/libraries/com/google/guava/guava/17.0/guava-17.0.jar:jars/libraries/oshi-project/oshi-core/1.1/oshi-core-1.1.jar:jars/libraries/org/apache/httpcomponents/httpclient/4.3.3/httpclient-4.3.3.jar:jars/libraries/org/apache/commons/commons-compress/1.8.1/commons-compress-1.8.1.jar:jars/libraries/net/java/dev/jna/platform/3.4.0/platform-3.4.0.jar:jars/libraries/com/paulscode/codecjorbis/20101023/codecjorbis-20101023.jar:jars/libraries/com/paulscode/soundsystem/20120107/soundsystem-20120107.jar:jars/libraries/com/paulscode/librarylwjglopenal/20100824/librarylwjglopenal-20100824.jar:jars/libraries/org/lwjgl/lwjgl/lwjgl_util/2.9.4-nightly-20150209/lwjgl_util-2.9.4-nightly-20150209.jar:jars/libraries/commons-codec/commons-codec/1.9/commons-codec-1.9.jar:jars/libraries/net/java/jutils/jutils/1.0.0/jutils-1.0.0.jar:jars/libraries/commons-logging/commons-logging/1.1.3/commons-logging-1.1.3.jar:jars/libraries/org/lwjgl/lwjgl/lwjgl/2.9.4-nightly-20150209/lwjgl-2.9.4-nightly-20150209.jar:jars/libraries/commons-io/commons-io/2.4/commons-io-2.4.jar:jars/libraries/com/mojang/realms/1.7.39/realms-1.7.39.jar:jars/libraries/com/mojang/authlib/1.5.21/authlib-1.5.21.jar:jars/libraries/com/google/code/gson/gson/2.2.4/gson-2.2.4.jar:jars/libraries/com/mojang/netty/1.8.8/netty-1.8.8.jar:jars/libraries/tv/twitch/twitch/6.5/twitch-6.5.jar:jars/libraries/com/paulscode/codecwav/20101023/codecwav-20101023.jar:jars/libraries/net/java/jinput/jinput-platform/2.0.5/jinput-platform-2.0.5-natives-linux.jar:jars/libraries/org/apache/logging/log4j/log4j-core/2.0-beta9/log4j-core-2.0-beta9.jar:jars/libraries/io/netty/netty-all/4.0.23.Final/netty-all-4.0.23.Final.jar" -sourcepath src/minecraft -d bin/minecraft @temp/java_src_client.txt' failed : 1
05:02:29 - 
05:02:29 - == ERRORS FOUND in JAVA CODE ==
05:02:29 - 
05:02:29 - src/minecraft/net/minecraft/command/CommandRepopulate.java:34: error: incompatible types: CoordinateArg cannot be converted to int
05:02:29 -             chunkX = (int) parseCoordinate(baseX, args[0], false) >> 4;
05:02:29 -                                           ^
05:02:29 - 
05:02:29 - src/minecraft/net/minecraft/command/CommandRepopulate.java:35: error: incompatible types: CoordinateArg cannot be converted to int
05:02:29 -             chunkZ = (int) parseCoordinate(baseZ, args[1], false) >> 4;
05:02:29 -                                           ^
05:02:29 - 
05:02:29 - 2 errors
05:02:29 - ==================
05:02:29 - 
05:02:29 - !! Can not find server sources, try decompiling !!
05:10:20 - '"javac" -Xlint:-options -deprecation -g -source 1.6 -target 1.6 -classpath "jars/versions/1.8.8/1.8.8.jar:lib:lib/*:jars/libraries/net/java/jinput/jinput/2.0.5/jinput-2.0.5.jar:jars/libraries/org/lwjgl/lwjgl/lwjgl-platform/2.9.4-nightly-20150209/lwjgl-platform-2.9.4-nightly-20150209-natives-linux.jar:jars/libraries/com/ibm/icu/icu4j-core-mojang/51.2/icu4j-core-mojang-51.2.jar:jars/libraries/org/apache/httpcomponents/httpcore/4.3.2/httpcore-4.3.2.jar:jars/libraries/org/apache/logging/log4j/log4j-api/2.0-beta9/log4j-api-2.0-beta9.jar:jars/libraries/org/apache/commons/commons-lang3/3.3.2/commons-lang3-3.3.2.jar:jars/libraries/net/java/dev/jna/jna/3.4.0/jna-3.4.0.jar:jars/libraries/com/paulscode/libraryjavasound/20101123/libraryjavasound-20101123.jar:jars/libraries/net/sf/jopt-simple/jopt-simple/4.6/jopt-simple-4.6.jar:jars/libraries/com/google/guava/guava/17.0/guava-17.0.jar:jars/libraries/oshi-project/oshi-core/1.1/oshi-core-1.1.jar:jars/libraries/org/apache/httpcomponents/httpclient/4.3.3/httpclient-4.3.3.jar:jars/libraries/org/apache/commons/commons-compress/1.8.1/commons-compress-1.8.1.jar:jars/libraries/net/java/dev/jna/platform/3.4.0/platform-3.4.0.jar:jars/libraries/com/paulscode/codecjorbis/20101023/codecjorbis-20101023.jar:jars/libraries/com/paulscode/soundsystem/20120107/soundsystem-20120107.jar:jars/libraries/com/paulscode/librarylwjglopenal/20100824/librarylwjglopenal-20100824.jar:jars/libraries/org/lwjgl/lwjgl/lwjgl_util/2.9.4-nightly-20150209/lwjgl_util-2.9.4-nightly-20150209.jar:jars/libraries/commons-codec/commons-codec/1.9/commons-codec-1.9.jar:jars/libraries/net/java/jutils/jutils/1.0.0/jutils-1.0.0.jar:jars/libraries/commons-logging/commons-logging/1.1.3/commons-logging-1.1.3.jar:jars/libraries/org/lwjgl/lwjgl/lwjgl/2.9.4-nightly-20150209/lwjgl-2.9.4-nightly-20150209.jar:jars/libraries/commons-io/commons-io/2.4/commons-io-2.4.jar:jars/libraries/com/mojang/realms/1.7.39/realms-1.7.39.jar:jars/libraries/com/mojang/authlib/1.5.21/authlib-1.5.21.jar:jars/libraries/com/google/code/gson/gson/2.2.4/gson-2.2.4.jar:jars/libraries/com/mojang/netty/1.8.8/netty-1.8.8.jar:jars/libraries/tv/twitch/twitch/6.5/twitch-6.5.jar:jars/libraries/com/paulscode/codecwav/20101023/codecwav-20101023.jar:jars/libraries/net/java/jinput/jinput-platform/2.0.5/jinput-platform-2.0.5-natives-linux.jar:jars/libraries/org/apache/logging/log4j/log4j-core/2.0-beta9/log4j-core-2.0-beta9.jar:jars/libraries/io/netty/netty-all/4.0.23.Final/netty-all-4.0.23.Final.jar" -sourcepath src/minecraft -d bin/minecraft @temp/java_src_client.txt' failed : 1
05:10:20 - 
05:10:20 - == ERRORS FOUND in JAVA CODE ==
05:10:20 - 
05:10:20 - src/minecraft/net/minecraft/command/CommandRepopulate.java:35: error: cannot find symbol
05:10:20 -             chunkX = xArg.getResult() >> 4;
05:10:20 -                          ^
05:10:20 - 
05:10:20 -   symbol:   method getResult()
05:10:20 -   location: variable xArg of type CoordinateArg
05:10:20 - src/minecraft/net/minecraft/command/CommandRepopulate.java:36: error: cannot find symbol
05:10:20 -             chunkZ = zArg.getResult() >> 4;
05:10:20 -                          ^
05:10:20 - 
05:10:20 -   symbol:   method getResult()
05:10:20 -   location: variable zArg of type CoordinateArg
05:10:20 - 2 errors
05:10:20 - ==================
05:10:20 - 
05:10:20 - !! Can not find server sources, try decompiling !!
05:11:21 - '"javac" -Xlint:-options -deprecation -g -source 1.6 -target 1.6 -classpath "jars/versions/1.8.8/1.8.8.jar:lib:lib/*:jars/libraries/net/java/jinput/jinput/2.0.5/jinput-2.0.5.jar:jars/libraries/org/lwjgl/lwjgl/lwjgl-platform/2.9.4-nightly-20150209/lwjgl-platform-2.9.4-nightly-20150209-natives-linux.jar:jars/libraries/com/ibm/icu/icu4j-core-mojang/51.2/icu4j-core-mojang-51.2.jar:jars/libraries/org/apache/httpcomponents/httpcore/4.3.2/httpcore-4.3.2.jar:jars/libraries/org/apache/logging/log4j/log4j-api/2.0-beta9/log4j-api-2.0-beta9.jar:jars/libraries/org/apache/commons/commons-lang3/3.3.2/commons-lang3-3.3.2.jar:jars/libraries/net/java/dev/jna/jna/3.4.0/jna-3.4.0.jar:jars/libraries/com/paulscode/libraryjavasound/20101123/libraryjavasound-20101123.jar:jars/libraries/net/sf/jopt-simple/jopt-simple/4.6/jopt-simple-4.6.jar:jars/libraries/com/google/guava/guava/17.0/guava-17.0.jar:jars/libraries/oshi-project/oshi-core/1.1/oshi-core-1.1.jar:jars/libraries/org/apache/httpcomponents/httpclient/4.3.3/httpclient-4.3.3.jar:jars/libraries/org/apache/commons/commons-compress/1.8.1/commons-compress-1.8.1.jar:jars/libraries/net/java/dev/jna/platform/3.4.0/platform-3.4.0.jar:jars/libraries/com/paulscode/codecjorbis/20101023/codecjorbis-20101023.jar:jars/libraries/com/paulscode/soundsystem/20120107/soundsystem-20120107.jar:jars/libraries/com/paulscode/librarylwjglopenal/20100824/librarylwjglopenal-20100824.jar:jars/libraries/org/lwjgl/lwjgl/lwjgl_util/2.9.4-nightly-20150209/lwjgl_util-2.9.4-nightly-20150209.jar:jars/libraries/commons-codec/commons-codec/1.9/commons-codec-1.9.jar:jars/libraries/net/java/jutils/jutils/1.0.0/jutils-1.0.0.jar:jars/libraries/commons-logging/commons-logging/1.1.3/commons-logging-1.1.3.jar:jars/libraries/org/lwjgl/lwjgl/lwjgl/2.9.4-nightly-20150209/lwjgl-2.9.4-nightly-20150209.jar:jars/libraries/commons-io/commons-io/2.4/commons-io-2.4.jar:jars/libraries/com/mojang/realms/1.7.39/realms-1.7.39.jar:jars/libraries/com/mojang/authlib/1.5.21/authlib-1.5.21.jar:jars/libraries/com/google/code/gson/gson/2.2.4/gson-2.2.4.jar:jars/libraries/com/mojang/netty/1.8.8/netty-1.8.8.jar:jars/libraries/tv/twitch/twitch/6.5/twitch-6.5.jar:jars/libraries/com/paulscode/codecwav/20101023/codecwav-20101023.jar:jars/libraries/net/java/jinput/jinput-platform/2.0.5/jinput-platform-2.0.5-natives-linux.jar:jars/libraries/org/apache/logging/log4j/log4j-core/2.0-beta9/log4j-core-2.0-beta9.jar:jars/libraries/io/netty/netty-all/4.0.23.Final/netty-all-4.0.23.Final.jar" -sourcepath src/minecraft -d bin/minecraft @temp/java_src_client.txt' failed : 1
05:11:21 - 
05:11:21 - == ERRORS FOUND in JAVA CODE ==
05:11:21 - 
05:11:21 - src/minecraft/net/minecraft/command/CommandRepopulate.java:36: error: cannot find symbol
05:11:21 -             chunkZ = (int) zArg.func_179628_b() >> 4; // func_179629_b() also works for Z in some cases
05:11:21 -                                ^
05:11:21 - 
05:11:21 -   symbol:   method func_179628_b()
05:11:21 -   location: variable zArg of type CoordinateArg
05:11:21 - 1 error
05:11:21 - ==================
05:11:21 - 
05:11:21 - !! Can not find server sources, try decompiling !!
05:12:54 - '"javac" -Xlint:-options -deprecation -g -source 1.6 -target 1.6 -classpath "jars/versions/1.8.8/1.8.8.jar:lib:lib/*:jars/libraries/net/java/jinput/jinput/2.0.5/jinput-2.0.5.jar:jars/libraries/org/lwjgl/lwjgl/lwjgl-platform/2.9.4-nightly-20150209/lwjgl-platform-2.9.4-nightly-20150209-natives-linux.jar:jars/libraries/com/ibm/icu/icu4j-core-mojang/51.2/icu4j-core-mojang-51.2.jar:jars/libraries/org/apache/httpcomponents/httpcore/4.3.2/httpcore-4.3.2.jar:jars/libraries/org/apache/logging/log4j/log4j-api/2.0-beta9/log4j-api-2.0-beta9.jar:jars/libraries/org/apache/commons/commons-lang3/3.3.2/commons-lang3-3.3.2.jar:jars/libraries/net/java/dev/jna/jna/3.4.0/jna-3.4.0.jar:jars/libraries/com/paulscode/libraryjavasound/20101123/libraryjavasound-20101123.jar:jars/libraries/net/sf/jopt-simple/jopt-simple/4.6/jopt-simple-4.6.jar:jars/libraries/com/google/guava/guava/17.0/guava-17.0.jar:jars/libraries/oshi-project/oshi-core/1.1/oshi-core-1.1.jar:jars/libraries/org/apache/httpcomponents/httpclient/4.3.3/httpclient-4.3.3.jar:jars/libraries/org/apache/commons/commons-compress/1.8.1/commons-compress-1.8.1.jar:jars/libraries/net/java/dev/jna/platform/3.4.0/platform-3.4.0.jar:jars/libraries/com/paulscode/codecjorbis/20101023/codecjorbis-20101023.jar:jars/libraries/com/paulscode/soundsystem/20120107/soundsystem-20120107.jar:jars/libraries/com/paulscode/librarylwjglopenal/20100824/librarylwjglopenal-20100824.jar:jars/libraries/org/lwjgl/lwjgl/lwjgl_util/2.9.4-nightly-20150209/lwjgl_util-2.9.4-nightly-20150209.jar:jars/libraries/commons-codec/commons-codec/1.9/commons-codec-1.9.jar:jars/libraries/net/java/jutils/jutils/1.0.0/jutils-1.0.0.jar:jars/libraries/commons-logging/commons-logging/1.1.3/commons-logging-1.1.3.jar:jars/libraries/org/lwjgl/lwjgl/lwjgl/2.9.4-nightly-20150209/lwjgl-2.9.4-nightly-20150209.jar:jars/libraries/commons-io/commons-io/2.4/commons-io-2.4.jar:jars/libraries/com/mojang/realms/1.7.39/realms-1.7.39.jar:jars/libraries/com/mojang/authlib/1.5.21/authlib-1.5.21.jar:jars/libraries/com/google/code/gson/gson/2.2.4/gson-2.2.4.jar:jars/libraries/com/mojang/netty/1.8.8/netty-1.8.8.jar:jars/libraries/tv/twitch/twitch/6.5/twitch-6.5.jar:jars/libraries/com/paulscode/codecwav/20101023/codecwav-20101023.jar:jars/libraries/net/java/jinput/jinput-platform/2.0.5/jinput-platform-2.0.5-natives-linux.jar:jars/libraries/org/apache/logging/log4j/log4j-core/2.0-beta9/log4j-core-2.0-beta9.jar:jars/libraries/io/netty/netty-all/4.0.23.Final/netty-all-4.0.23.Final.jar" -sourcepath src/minecraft -d bin/minecraft @temp/java_src_client.txt' failed : 1
05:12:54 - 
05:12:54 - == ERRORS FOUND in JAVA CODE ==
05:12:54 - 
05:12:54 - src/minecraft/net/minecraft/command/CommandRepopulate.java:48: error: cannot find symbol
05:12:54 -                 now = true;
05:12:54 -                 ^
05:12:54 - 
05:12:54 -   symbol:   variable now
05:12:54 -   location: class CommandRepopulate
05:12:54 - src/minecraft/net/minecraft/command/CommandRepopulate.java:50: error: cannot find symbol
05:12:54 -                 now = true;
05:12:54 -                 ^
05:12:54 - 
05:12:54 -   symbol:   variable now
05:12:54 -   location: class CommandRepopulate
05:12:54 - src/minecraft/net/minecraft/command/CommandRepopulate.java:51: error: cannot find symbol
05:12:54 -                 async = true;
05:12:54 -                 ^
05:12:54 - 
05:12:54 -   symbol:   variable async
05:12:54 -   location: class CommandRepopulate
05:12:54 - src/minecraft/net/minecraft/command/CommandRepopulate.java:57: error: cannot find symbol
05:12:54 -         if (now) {
05:12:54 -             ^
05:12:54 - 
05:12:54 -   symbol:   variable now
05:12:54 -   location: class CommandRepopulate
05:12:54 - src/minecraft/net/minecraft/command/CommandRepopulate.java:57: error: illegal start of type
05:12:54 -         if (now) {
05:12:54 -            ^
05:12:54 - 
05:12:54 - src/minecraft/net/minecraft/command/CommandRepopulate.java:58: error: cannot find symbol
05:12:54 -             if (!isAreaLoaded(world, chunkX, chunkZ)) {
05:12:54 -                               ^
05:12:54 - 
05:12:54 -   symbol:   variable world
05:12:54 -   location: class CommandRepopulate
05:12:54 - src/minecraft/net/minecraft/command/CommandRepopulate.java:62: error: cannot find symbol
05:12:54 -             if (async) {
05:12:54 -                 ^
05:12:54 - 
05:12:54 -   symbol:   variable async
05:12:54 -   location: class CommandRepopulate
05:12:54 - src/minecraft/net/minecraft/command/CommandRepopulate.java:62: error: illegal start of type
05:12:54 -             if (async) {
05:12:54 -                ^
05:12:54 - 
05:12:54 - src/minecraft/net/minecraft/command/CommandRepopulate.java:63: error: cannot find symbol
05:12:54 -                 final World w = world;
05:12:54 -                                 ^
05:12:54 - 
05:12:54 -   symbol:   variable world
05:12:54 -   location: class CommandRepopulate
05:12:54 - src/minecraft/net/minecraft/command/CommandRepopulate.java:76: error: cannot find symbol
05:12:54 -                 repopulate(world, chunkX, chunkZ);
05:12:54 -                            ^
05:12:54 - 
05:12:54 -   symbol:   variable world
05:12:54 -   location: class CommandRepopulate
05:12:54 - src/minecraft/net/minecraft/command/CommandRepopulate.java:79: error: cannot find symbol
05:12:54 -             world.getChunkFromChunkCoords(chunkX, chunkZ).setTerrainPopulated(false);
05:12:54 -             ^
05:12:54 - 
05:12:54 -   symbol:   variable world
05:12:54 -   location: class CommandRepopulate
05:12:54 - 11 errors
05:12:54 - ==================
05:12:54 - 
05:12:54 - !! Can not find server sources, try decompiling !!
05:14:30 - '"javac" -Xlint:-options -deprecation -g -source 1.6 -target 1.6 -classpath "jars/versions/1.8.8/1.8.8.jar:lib:lib/*:jars/libraries/net/java/jinput/jinput/2.0.5/jinput-2.0.5.jar:jars/libraries/org/lwjgl/lwjgl/lwjgl-platform/2.9.4-nightly-20150209/lwjgl-platform-2.9.4-nightly-20150209-natives-linux.jar:jars/libraries/com/ibm/icu/icu4j-core-mojang/51.2/icu4j-core-mojang-51.2.jar:jars/libraries/org/apache/httpcomponents/httpcore/4.3.2/httpcore-4.3.2.jar:jars/libraries/org/apache/logging/log4j/log4j-api/2.0-beta9/log4j-api-2.0-beta9.jar:jars/libraries/org/apache/commons/commons-lang3/3.3.2/commons-lang3-3.3.2.jar:jars/libraries/net/java/dev/jna/jna/3.4.0/jna-3.4.0.jar:jars/libraries/com/paulscode/libraryjavasound/20101123/libraryjavasound-20101123.jar:jars/libraries/net/sf/jopt-simple/jopt-simple/4.6/jopt-simple-4.6.jar:jars/libraries/com/google/guava/guava/17.0/guava-17.0.jar:jars/libraries/oshi-project/oshi-core/1.1/oshi-core-1.1.jar:jars/libraries/org/apache/httpcomponents/httpclient/4.3.3/httpclient-4.3.3.jar:jars/libraries/org/apache/commons/commons-compress/1.8.1/commons-compress-1.8.1.jar:jars/libraries/net/java/dev/jna/platform/3.4.0/platform-3.4.0.jar:jars/libraries/com/paulscode/codecjorbis/20101023/codecjorbis-20101023.jar:jars/libraries/com/paulscode/soundsystem/20120107/soundsystem-20120107.jar:jars/libraries/com/paulscode/librarylwjglopenal/20100824/librarylwjglopenal-20100824.jar:jars/libraries/org/lwjgl/lwjgl/lwjgl_util/2.9.4-nightly-20150209/lwjgl_util-2.9.4-nightly-20150209.jar:jars/libraries/commons-codec/commons-codec/1.9/commons-codec-1.9.jar:jars/libraries/net/java/jutils/jutils/1.0.0/jutils-1.0.0.jar:jars/libraries/commons-logging/commons-logging/1.1.3/commons-logging-1.1.3.jar:jars/libraries/org/lwjgl/lwjgl/lwjgl/2.9.4-nightly-20150209/lwjgl-2.9.4-nightly-20150209.jar:jars/libraries/commons-io/commons-io/2.4/commons-io-2.4.jar:jars/libraries/com/mojang/realms/1.7.39/realms-1.7.39.jar:jars/libraries/com/mojang/authlib/1.5.21/authlib-1.5.21.jar:jars/libraries/com/google/code/gson/gson/2.2.4/gson-2.2.4.jar:jars/libraries/com/mojang/netty/1.8.8/netty-1.8.8.jar:jars/libraries/tv/twitch/twitch/6.5/twitch-6.5.jar:jars/libraries/com/paulscode/codecwav/20101023/codecwav-20101023.jar:jars/libraries/net/java/jinput/jinput-platform/2.0.5/jinput-platform-2.0.5-natives-linux.jar:jars/libraries/org/apache/logging/log4j/log4j-core/2.0-beta9/log4j-core-2.0-beta9.jar:jars/libraries/io/netty/netty-all/4.0.23.Final/netty-all-4.0.23.Final.jar" -sourcepath src/minecraft -d bin/minecraft @temp/java_src_client.txt' failed : 1
05:14:30 - 
05:14:30 - == ERRORS FOUND in JAVA CODE ==
05:14:30 - 
05:14:30 - src/minecraft/net/minecraft/command/CommandRepopulate.java:62: error: lambda expressions are not supported in -source 1.6
05:14:30 -                 new Thread(() -> {
05:14:30 -                               ^
05:14:30 - 
05:14:30 -   (use -source 8 or higher to enable lambda expressions)
05:14:30 - 1 error
05:14:30 - ==================
05:14:30 - 
05:14:30 - !! Can not find server sources, try decompiling !!
05:15:39 - '"javac" -Xlint:-options -deprecation -g -source 1.6 -target 1.6 -classpath "jars/versions/1.8.8/1.8.8.jar:lib:lib/*:jars/libraries/net/java/jinput/jinput/2.0.5/jinput-2.0.5.jar:jars/libraries/org/lwjgl/lwjgl/lwjgl-platform/2.9.4-nightly-20150209/lwjgl-platform-2.9.4-nightly-20150209-natives-linux.jar:jars/libraries/com/ibm/icu/icu4j-core-mojang/51.2/icu4j-core-mojang-51.2.jar:jars/libraries/org/apache/httpcomponents/httpcore/4.3.2/httpcore-4.3.2.jar:jars/libraries/org/apache/logging/log4j/log4j-api/2.0-beta9/log4j-api-2.0-beta9.jar:jars/libraries/org/apache/commons/commons-lang3/3.3.2/commons-lang3-3.3.2.jar:jars/libraries/net/java/dev/jna/jna/3.4.0/jna-3.4.0.jar:jars/libraries/com/paulscode/libraryjavasound/20101123/libraryjavasound-20101123.jar:jars/libraries/net/sf/jopt-simple/jopt-simple/4.6/jopt-simple-4.6.jar:jars/libraries/com/google/guava/guava/17.0/guava-17.0.jar:jars/libraries/oshi-project/oshi-core/1.1/oshi-core-1.1.jar:jars/libraries/org/apache/httpcomponents/httpclient/4.3.3/httpclient-4.3.3.jar:jars/libraries/org/apache/commons/commons-compress/1.8.1/commons-compress-1.8.1.jar:jars/libraries/net/java/dev/jna/platform/3.4.0/platform-3.4.0.jar:jars/libraries/com/paulscode/codecjorbis/20101023/codecjorbis-20101023.jar:jars/libraries/com/paulscode/soundsystem/20120107/soundsystem-20120107.jar:jars/libraries/com/paulscode/librarylwjglopenal/20100824/librarylwjglopenal-20100824.jar:jars/libraries/org/lwjgl/lwjgl/lwjgl_util/2.9.4-nightly-20150209/lwjgl_util-2.9.4-nightly-20150209.jar:jars/libraries/commons-codec/commons-codec/1.9/commons-codec-1.9.jar:jars/libraries/net/java/jutils/jutils/1.0.0/jutils-1.0.0.jar:jars/libraries/commons-logging/commons-logging/1.1.3/commons-logging-1.1.3.jar:jars/libraries/org/lwjgl/lwjgl/lwjgl/2.9.4-nightly-20150209/lwjgl-2.9.4-nightly-20150209.jar:jars/libraries/commons-io/commons-io/2.4/commons-io-2.4.jar:jars/libraries/com/mojang/realms/1.7.39/realms-1.7.39.jar:jars/libraries/com/mojang/authlib/1.5.21/authlib-1.5.21.jar:jars/libraries/com/google/code/gson/gson/2.2.4/gson-2.2.4.jar:jars/libraries/com/mojang/netty/1.8.8/netty-1.8.8.jar:jars/libraries/tv/twitch/twitch/6.5/twitch-6.5.jar:jars/libraries/com/paulscode/codecwav/20101023/codecwav-20101023.jar:jars/libraries/net/java/jinput/jinput-platform/2.0.5/jinput-platform-2.0.5-natives-linux.jar:jars/libraries/org/apache/logging/log4j/log4j-core/2.0-beta9/log4j-core-2.0-beta9.jar:jars/libraries/io/netty/netty-all/4.0.23.Final/netty-all-4.0.23.Final.jar" -sourcepath src/minecraft -d bin/minecraft @temp/java_src_client.txt' failed : 1
05:15:39 - 
05:15:39 - == ERRORS FOUND in JAVA CODE ==
05:15:39 - 
05:15:39 - src/minecraft/net/minecraft/command/CommandRepopulate.java:66: error: local variable world is accessed from within inner class; needs to be declared final
05:15:39 -                             repopulate(world, chunkX, chunkZ);
05:15:39 -                                        ^
05:15:39 - 
05:15:39 - src/minecraft/net/minecraft/command/CommandRepopulate.java:66: error: local variable chunkX is accessed from within inner class; needs to be declared final
05:15:39 -                             repopulate(world, chunkX, chunkZ);
05:15:39 -                                               ^
05:15:39 - 
05:15:39 - src/minecraft/net/minecraft/command/CommandRepopulate.java:66: error: local variable chunkZ is accessed from within inner class; needs to be declared final
05:15:39 -                             repopulate(world, chunkX, chunkZ);
05:15:39 -                                                       ^
05:15:39 - 
05:15:39 - 3 errors
05:15:39 - ==================
05:15:39 - 
05:15:39 - !! Can not find server sources, try decompiling !!
05:16:41 - '"javac" -Xlint:-options -deprecation -g -source 1.6 -target 1.6 -classpath "jars/versions/1.8.8/1.8.8.jar:lib:lib/*:jars/libraries/net/java/jinput/jinput/2.0.5/jinput-2.0.5.jar:jars/libraries/org/lwjgl/lwjgl/lwjgl-platform/2.9.4-nightly-20150209/lwjgl-platform-2.9.4-nightly-20150209-natives-linux.jar:jars/libraries/com/ibm/icu/icu4j-core-mojang/51.2/icu4j-core-mojang-51.2.jar:jars/libraries/org/apache/httpcomponents/httpcore/4.3.2/httpcore-4.3.2.jar:jars/libraries/org/apache/logging/log4j/log4j-api/2.0-beta9/log4j-api-2.0-beta9.jar:jars/libraries/org/apache/commons/commons-lang3/3.3.2/commons-lang3-3.3.2.jar:jars/libraries/net/java/dev/jna/jna/3.4.0/jna-3.4.0.jar:jars/libraries/com/paulscode/libraryjavasound/20101123/libraryjavasound-20101123.jar:jars/libraries/net/sf/jopt-simple/jopt-simple/4.6/jopt-simple-4.6.jar:jars/libraries/com/google/guava/guava/17.0/guava-17.0.jar:jars/libraries/oshi-project/oshi-core/1.1/oshi-core-1.1.jar:jars/libraries/org/apache/httpcomponents/httpclient/4.3.3/httpclient-4.3.3.jar:jars/libraries/org/apache/commons/commons-compress/1.8.1/commons-compress-1.8.1.jar:jars/libraries/net/java/dev/jna/platform/3.4.0/platform-3.4.0.jar:jars/libraries/com/paulscode/codecjorbis/20101023/codecjorbis-20101023.jar:jars/libraries/com/paulscode/soundsystem/20120107/soundsystem-20120107.jar:jars/libraries/com/paulscode/librarylwjglopenal/20100824/librarylwjglopenal-20100824.jar:jars/libraries/org/lwjgl/lwjgl/lwjgl_util/2.9.4-nightly-20150209/lwjgl_util-2.9.4-nightly-20150209.jar:jars/libraries/commons-codec/commons-codec/1.9/commons-codec-1.9.jar:jars/libraries/net/java/jutils/jutils/1.0.0/jutils-1.0.0.jar:jars/libraries/commons-logging/commons-logging/1.1.3/commons-logging-1.1.3.jar:jars/libraries/org/lwjgl/lwjgl/lwjgl/2.9.4-nightly-20150209/lwjgl-2.9.4-nightly-20150209.jar:jars/libraries/commons-io/commons-io/2.4/commons-io-2.4.jar:jars/libraries/com/mojang/realms/1.7.39/realms-1.7.39.jar:jars/libraries/com/mojang/authlib/1.5.21/authlib-1.5.21.jar:jars/libraries/com/google/code/gson/gson/2.2.4/gson-2.2.4.jar:jars/libraries/com/mojang/netty/1.8.8/netty-1.8.8.jar:jars/libraries/tv/twitch/twitch/6.5/twitch-6.5.jar:jars/libraries/com/paulscode/codecwav/20101023/codecwav-20101023.jar:jars/libraries/net/java/jinput/jinput-platform/2.0.5/jinput-platform-2.0.5-natives-linux.jar:jars/libraries/org/apache/logging/log4j/log4j-core/2.0-beta9/log4j-core-2.0-beta9.jar:jars/libraries/io/netty/netty-all/4.0.23.Final/netty-all-4.0.23.Final.jar" -sourcepath src/minecraft -d bin/minecraft @temp/java_src_client.txt' failed : 1
05:16:41 - 
05:16:41 - == ERRORS FOUND in JAVA CODE ==
05:16:41 - 
05:16:41 - src/minecraft/net/minecraft/command/CommandRepopulate.java:69: error: local variable world is accessed from within inner class; needs to be declared final
05:16:41 -                             repopulate(world, chunkX, chunkZ);
05:16:41 -                                        ^
05:16:41 - 
05:16:41 - src/minecraft/net/minecraft/command/CommandRepopulate.java:69: error: local variable chunkX is accessed from within inner class; needs to be declared final
05:16:41 -                             repopulate(world, chunkX, chunkZ);
05:16:41 -                                               ^
05:16:41 - 
05:16:41 - src/minecraft/net/minecraft/command/CommandRepopulate.java:69: error: local variable chunkZ is accessed from within inner class; needs to be declared final
05:16:41 -                             repopulate(world, chunkX, chunkZ);
05:16:41 -                                                       ^
05:16:41 - 
05:16:41 - 3 errors
05:16:41 - ==================
05:16:41 - 
05:16:41 - !! Can not find server sources, try decompiling !!
05:17:19 - '"javac" -Xlint:-options -deprecation -g -source 1.6 -target 1.6 -classpath "jars/versions/1.8.8/1.8.8.jar:lib:lib/*:jars/libraries/net/java/jinput/jinput/2.0.5/jinput-2.0.5.jar:jars/libraries/org/lwjgl/lwjgl/lwjgl-platform/2.9.4-nightly-20150209/lwjgl-platform-2.9.4-nightly-20150209-natives-linux.jar:jars/libraries/com/ibm/icu/icu4j-core-mojang/51.2/icu4j-core-mojang-51.2.jar:jars/libraries/org/apache/httpcomponents/httpcore/4.3.2/httpcore-4.3.2.jar:jars/libraries/org/apache/logging/log4j/log4j-api/2.0-beta9/log4j-api-2.0-beta9.jar:jars/libraries/org/apache/commons/commons-lang3/3.3.2/commons-lang3-3.3.2.jar:jars/libraries/net/java/dev/jna/jna/3.4.0/jna-3.4.0.jar:jars/libraries/com/paulscode/libraryjavasound/20101123/libraryjavasound-20101123.jar:jars/libraries/net/sf/jopt-simple/jopt-simple/4.6/jopt-simple-4.6.jar:jars/libraries/com/google/guava/guava/17.0/guava-17.0.jar:jars/libraries/oshi-project/oshi-core/1.1/oshi-core-1.1.jar:jars/libraries/org/apache/httpcomponents/httpclient/4.3.3/httpclient-4.3.3.jar:jars/libraries/org/apache/commons/commons-compress/1.8.1/commons-compress-1.8.1.jar:jars/libraries/net/java/dev/jna/platform/3.4.0/platform-3.4.0.jar:jars/libraries/com/paulscode/codecjorbis/20101023/codecjorbis-20101023.jar:jars/libraries/com/paulscode/soundsystem/20120107/soundsystem-20120107.jar:jars/libraries/com/paulscode/librarylwjglopenal/20100824/librarylwjglopenal-20100824.jar:jars/libraries/org/lwjgl/lwjgl/lwjgl_util/2.9.4-nightly-20150209/lwjgl_util-2.9.4-nightly-20150209.jar:jars/libraries/commons-codec/commons-codec/1.9/commons-codec-1.9.jar:jars/libraries/net/java/jutils/jutils/1.0.0/jutils-1.0.0.jar:jars/libraries/commons-logging/commons-logging/1.1.3/commons-logging-1.1.3.jar:jars/libraries/org/lwjgl/lwjgl/lwjgl/2.9.4-nightly-20150209/lwjgl-2.9.4-nightly-20150209.jar:jars/libraries/commons-io/commons-io/2.4/commons-io-2.4.jar:jars/libraries/com/mojang/realms/1.7.39/realms-1.7.39.jar:jars/libraries/com/mojang/authlib/1.5.21/authlib-1.5.21.jar:jars/libraries/com/google/code/gson/gson/2.2.4/gson-2.2.4.jar:jars/libraries/com/mojang/netty/1.8.8/netty-1.8.8.jar:jars/libraries/tv/twitch/twitch/6.5/twitch-6.5.jar:jars/libraries/com/paulscode/codecwav/20101023/codecwav-20101023.jar:jars/libraries/net/java/jinput/jinput-platform/2.0.5/jinput-platform-2.0.5-natives-linux.jar:jars/libraries/org/apache/logging/log4j/log4j-core/2.0-beta9/log4j-core-2.0-beta9.jar:jars/libraries/io/netty/netty-all/4.0.23.Final/netty-all-4.0.23.Final.jar" -sourcepath src/minecraft -d bin/minecraft @temp/java_src_client.txt' failed : 1
05:17:19 - 
05:17:19 - == ERRORS FOUND in JAVA CODE ==
05:17:19 - 
05:17:19 - src/minecraft/net/minecraft/command/CommandRepopulate.java:66: error: local variable world is accessed from within inner class; needs to be declared final
05:17:19 -                         final World w = world;
05:17:19 -                                         ^
05:17:19 - 
05:17:19 - src/minecraft/net/minecraft/command/CommandRepopulate.java:67: error: local variable chunkX is accessed from within inner class; needs to be declared final
05:17:19 -                         final int cx = chunkX;
05:17:19 -                                        ^
05:17:19 - 
05:17:19 - src/minecraft/net/minecraft/command/CommandRepopulate.java:68: error: local variable chunkZ is accessed from within inner class; needs to be declared final
05:17:19 -                         final int cz = chunkZ;
05:17:19 -                                        ^
05:17:19 - 
05:17:19 - src/minecraft/net/minecraft/command/CommandRepopulate.java:70: error: local variable world is accessed from within inner class; needs to be declared final
05:17:19 -                             repopulate(world, chunkX, chunkZ);
05:17:19 -                                        ^
05:17:19 - 
05:17:19 - src/minecraft/net/minecraft/command/CommandRepopulate.java:70: error: local variable chunkX is accessed from within inner class; needs to be declared final
05:17:19 -                             repopulate(world, chunkX, chunkZ);
05:17:19 -                                               ^
05:17:19 - 
05:17:19 - src/minecraft/net/minecraft/command/CommandRepopulate.java:70: error: local variable chunkZ is accessed from within inner class; needs to be declared final
05:17:19 -                             repopulate(world, chunkX, chunkZ);
05:17:19 -                                                       ^
05:17:19 - 
05:17:19 - 6 errors
05:17:19 - ==================
05:17:19 - 
05:17:19 - !! Can not find server sources, try decompiling !!
05:18:11 - '"javac" -Xlint:-options -deprecation -g -source 1.6 -target 1.6 -classpath "jars/versions/1.8.8/1.8.8.jar:lib:lib/*:jars/libraries/net/java/jinput/jinput/2.0.5/jinput-2.0.5.jar:jars/libraries/org/lwjgl/lwjgl/lwjgl-platform/2.9.4-nightly-20150209/lwjgl-platform-2.9.4-nightly-20150209-natives-linux.jar:jars/libraries/com/ibm/icu/icu4j-core-mojang/51.2/icu4j-core-mojang-51.2.jar:jars/libraries/org/apache/httpcomponents/httpcore/4.3.2/httpcore-4.3.2.jar:jars/libraries/org/apache/logging/log4j/log4j-api/2.0-beta9/log4j-api-2.0-beta9.jar:jars/libraries/org/apache/commons/commons-lang3/3.3.2/commons-lang3-3.3.2.jar:jars/libraries/net/java/dev/jna/jna/3.4.0/jna-3.4.0.jar:jars/libraries/com/paulscode/libraryjavasound/20101123/libraryjavasound-20101123.jar:jars/libraries/net/sf/jopt-simple/jopt-simple/4.6/jopt-simple-4.6.jar:jars/libraries/com/google/guava/guava/17.0/guava-17.0.jar:jars/libraries/oshi-project/oshi-core/1.1/oshi-core-1.1.jar:jars/libraries/org/apache/httpcomponents/httpclient/4.3.3/httpclient-4.3.3.jar:jars/libraries/org/apache/commons/commons-compress/1.8.1/commons-compress-1.8.1.jar:jars/libraries/net/java/dev/jna/platform/3.4.0/platform-3.4.0.jar:jars/libraries/com/paulscode/codecjorbis/20101023/codecjorbis-20101023.jar:jars/libraries/com/paulscode/soundsystem/20120107/soundsystem-20120107.jar:jars/libraries/com/paulscode/librarylwjglopenal/20100824/librarylwjglopenal-20100824.jar:jars/libraries/org/lwjgl/lwjgl/lwjgl_util/2.9.4-nightly-20150209/lwjgl_util-2.9.4-nightly-20150209.jar:jars/libraries/commons-codec/commons-codec/1.9/commons-codec-1.9.jar:jars/libraries/net/java/jutils/jutils/1.0.0/jutils-1.0.0.jar:jars/libraries/commons-logging/commons-logging/1.1.3/commons-logging-1.1.3.jar:jars/libraries/org/lwjgl/lwjgl/lwjgl/2.9.4-nightly-20150209/lwjgl-2.9.4-nightly-20150209.jar:jars/libraries/commons-io/commons-io/2.4/commons-io-2.4.jar:jars/libraries/com/mojang/realms/1.7.39/realms-1.7.39.jar:jars/libraries/com/mojang/authlib/1.5.21/authlib-1.5.21.jar:jars/libraries/com/google/code/gson/gson/2.2.4/gson-2.2.4.jar:jars/libraries/com/mojang/netty/1.8.8/netty-1.8.8.jar:jars/libraries/tv/twitch/twitch/6.5/twitch-6.5.jar:jars/libraries/com/paulscode/codecwav/20101023/codecwav-20101023.jar:jars/libraries/net/java/jinput/jinput-platform/2.0.5/jinput-platform-2.0.5-natives-linux.jar:jars/libraries/org/apache/logging/log4j/log4j-core/2.0-beta9/log4j-core-2.0-beta9.jar:jars/libraries/io/netty/netty-all/4.0.23.Final/netty-all-4.0.23.Final.jar" -sourcepath src/minecraft -d bin/minecraft @temp/java_src_client.txt' failed : 1
05:18:11 - 
05:18:11 - == ERRORS FOUND in JAVA CODE ==
05:18:11 - 
05:18:11 - src/minecraft/net/minecraft/command/CommandRepopulate.java:23: error: cannot find symbol
05:18:11 -         final World w = world;
05:18:11 -                         ^
05:18:11 - 
05:18:11 -   symbol:   variable world
05:18:11 -   location: class CommandRepopulate
05:18:11 - src/minecraft/net/minecraft/command/CommandRepopulate.java:24: error: cannot find symbol
05:18:11 -         final int cx = chunkX;
05:18:11 -                        ^
05:18:11 - 
05:18:11 -   symbol:   variable chunkX
05:18:11 -   location: class CommandRepopulate
05:18:11 - src/minecraft/net/minecraft/command/CommandRepopulate.java:25: error: cannot find symbol
05:18:11 -         final int cz = chunkZ;
05:18:11 -                        ^
05:18:11 - 
05:18:11 -   symbol:   variable chunkZ
05:18:11 -   location: class CommandRepopulate
05:18:11 - 3 errors
05:18:11 - ==================
05:18:11 - 
05:18:11 - !! Can not find server sources, try decompiling !!
05:20:29 - !! Can not find server sources, try decompiling !!
07:03:43 - !! Can not find server sources, try decompiling !!
07:09:53 - !! Can not find server sources, try decompiling !!
19:51:28 - '"javac" -Xlint:-options -deprecation -g -source 1.6 -target 1.6 -classpath "jars/versions/1.8.8/1.8.8.jar:lib:lib/*:jars/libraries/net/java/jinput/jinput/2.0.5/jinput-2.0.5.jar:jars/libraries/org/lwjgl/lwjgl/lwjgl-platform/2.9.4-nightly-20150209/lwjgl-platform-2.9.4-nightly-20150209-natives-linux.jar:jars/libraries/com/ibm/icu/icu4j-core-mojang/51.2/icu4j-core-mojang-51.2.jar:jars/libraries/org/apache/httpcomponents/httpcore/4.3.2/httpcore-4.3.2.jar:jars/libraries/org/apache/logging/log4j/log4j-api/2.0-beta9/log4j-api-2.0-beta9.jar:jars/libraries/org/apache/commons/commons-lang3/3.3.2/commons-lang3-3.3.2.jar:jars/libraries/net/java/dev/jna/jna/3.4.0/jna-3.4.0.jar:jars/libraries/com/paulscode/libraryjavasound/20101123/libraryjavasound-20101123.jar:jars/libraries/net/sf/jopt-simple/jopt-simple/4.6/jopt-simple-4.6.jar:jars/libraries/com/google/guava/guava/17.0/guava-17.0.jar:jars/libraries/oshi-project/oshi-core/1.1/oshi-core-1.1.jar:jars/libraries/org/apache/httpcomponents/httpclient/4.3.3/httpclient-4.3.3.jar:jars/libraries/org/apache/commons/commons-compress/1.8.1/commons-compress-1.8.1.jar:jars/libraries/net/java/dev/jna/platform/3.4.0/platform-3.4.0.jar:jars/libraries/com/paulscode/codecjorbis/20101023/codecjorbis-20101023.jar:jars/libraries/com/paulscode/soundsystem/20120107/soundsystem-20120107.jar:jars/libraries/com/paulscode/librarylwjglopenal/20100824/librarylwjglopenal-20100824.jar:jars/libraries/org/lwjgl/lwjgl/lwjgl_util/2.9.4-nightly-20150209/lwjgl_util-2.9.4-nightly-20150209.jar:jars/libraries/commons-codec/commons-codec/1.9/commons-codec-1.9.jar:jars/libraries/net/java/jutils/jutils/1.0.0/jutils-1.0.0.jar:jars/libraries/commons-logging/commons-logging/1.1.3/commons-logging-1.1.3.jar:jars/libraries/org/lwjgl/lwjgl/lwjgl/2.9.4-nightly-20150209/lwjgl-2.9.4-nightly-20150209.jar:jars/libraries/commons-io/commons-io/2.4/commons-io-2.4.jar:jars/libraries/com/mojang/realms/1.7.39/realms-1.7.39.jar:jars/libraries/com/mojang/authlib/1.5.21/authlib-1.5.21.jar:jars/libraries/com/google/code/gson/gson/2.2.4/gson-2.2.4.jar:jars/libraries/com/mojang/netty/1.8.8/netty-1.8.8.jar:jars/libraries/tv/twitch/twitch/6.5/twitch-6.5.jar:jars/libraries/com/paulscode/codecwav/20101023/codecwav-20101023.jar:jars/libraries/net/java/jinput/jinput-platform/2.0.5/jinput-platform-2.0.5-natives-linux.jar:jars/libraries/org/apache/logging/log4j/log4j-core/2.0-beta9/log4j-core-2.0-beta9.jar:jars/libraries/io/netty/netty-all/4.0.23.Final/netty-all-4.0.23.Final.jar" -sourcepath src/minecraft -d bin/minecraft @temp/java_src_client.txt' failed : 1
19:51:28 - 
19:51:28 - == ERRORS FOUND in JAVA CODE ==
19:51:28 - 
19:51:28 - src/minecraft/net/minecraft/tileentity/TileEntityHopper.java:447: error: logger has private access in TileEntity
19:51:28 -             logger.info("hopper: Found inventory: " + iinventory);
19:51:28 -             ^
19:51:28 - 
19:51:28 - src/minecraft/net/minecraft/tileentity/TileEntityHopper.java:448: error: logger has private access in TileEntity
19:51:28 -             logger.info("hopper: rand call made: worldIn.rand.nextInt({})", list.size());
19:51:28 -             ^
19:51:28 - 
19:51:28 - 2 errors
19:51:28 - ==================
19:51:28 - 
19:51:28 - !! Can not find server sources, try decompiling !!
19:52:16 - !! Can not find server sources, try decompiling !!
